Time,Altitude,Pressure,Velocity,Temperature,Events,Voltages
0.00,-7.491383E-06,984.40,0,13.1, -,7.467911
0.05,-7.491383E-06,984.40,0,13.1, -,7.467911
0.10,-7.491383E-06,984.40,0,13.1, -,7.467911
0.15,-7.491383E-06,984.40,0,13.1, -,7.467911
0.20,-7.491383E-06,984.40,0,13.1, -,7.467911
0.25,-0.8515352,984.50,-0.8128,13.1, -,7.467911
0.30,-7.491383E-06,984.40,0,13.1, -,7.467911
0.35,-0.8515352,984.50,-0.8128,13.1, -,7.467911
0.40,-7.491383E-06,984.40,0,13.1, -,7.467911
0.45,-7.491383E-06,984.40,0,13.1, -,7.467911
0.50,2.556036,984.10,2.4384,13.1, -,7.467911
0.55,6.816817,983.60,6.5024,13.1, -,7.467911
0.60,11.93186,983.00,11.3792,13.1, -,7.467911
0.65,19.60969,982.10,18.6944,13.1, -,7.467911
0.70,33.27267,980.50,31.71371,13.1, -,7.467911
0.75,43.53201,979.30,41.48183,13.1, -,7.467911
0.80,54.65758,978.00,52.07726,13.1, -,7.467911
0.85,65.79512,976.70,62.6872,13.1, -,7.467911
0.90,83.81241,974.60,79.84309,13.1, -,7.467911
0.95,100.1403,972.70,95.38789,13.1, -,7.467911
1.00,116.4945,970.80,110.9617,13.1, -,7.467911
1.05,133.7373,968.80,127.3774,13.1, -,7.467911
1.10,157.0609,966.10,149.5842,13.1, -,7.467911
1.15,176.9707,963.80,168.5399,13.1, -,7.467911
1.20,199.5237,961.20,190.021,13.1, -,7.467911
1.25,222.1266,958.60,211.5457,13.1, -,7.467911
1.30,248.2684,955.60,237.2505,13.1, -,7.467911
1.35,271.8524,952.90,258.9058,13.1, -,7.467911
1.40,300.7518,949.60,287.2377,13.1, -,7.467911
1.45,327.9733,946.50,312.3474,13.1, -,7.467911
1.50,355.2671,943.40,338.3425,13.1, -,7.467911
1.55,380.8663,940.50,360.2881,13.1, -,7.467911
1.60,414.5065,936.70,388.2571,13.1, -,7.467911
1.65,424.2655,935.60,392.6695,13.1, -,7.467911
1.70,441.1429,933.70,401.4216,13.1, -,7.467911
1.75,457.1578,931.90,403.6568,13.1, -,7.467911
1.80,451.8169,932.50,388.8087,13.1, -,7.467911
1.85,449.1475,932.80,375.6732,13.1, -,7.467911
1.90,459.8299,931.60,375.2378,13.1, -,7.467911
1.95,464.2841,931.10,362.3201,13.1, -,7.467911
2.00,461.6109,931.40,344.2353,13.1, -,7.467911
2.05,460.7203,931.50,327.8196,13.1, -,7.467911
2.10,462.5021,931.30,313.1021,13.1, -,7.467911
2.15,462.5021,931.30,290.8953,13.1, -,7.467911
2.20,463.3928,931.20,272.7815,13.1, -,7.467911
2.25,465.1749,931.00,252.9985,13.1, -,7.467911
2.30,464.2841,931.10,230.632,13.1, -,7.467911
2.35,465.1749,931.00,206.5818,13.1, -,7.467911
2.40,466.0659,930.90,184.9555,13.1, -,7.467911
2.45,466.9575,930.80,158.2928,13.1, -,7.467911
2.50,469.6315,930.50,134.9103,13.1, -,7.467911
2.55,470.5229,930.40,109.757,13.1, -,7.467911
2.60,470.5229,930.40,85.37303,13.1, -,7.467911
2.65,473.1984,930.10,55.89451,13.1, -,7.467911
2.70,474.9818,929.90,48.30354,13.1, -,7.467911
2.75,476.7659,929.70,33.9344,13.1, -,7.467911
2.80,478.5504,929.50,20.37806,13.1, -,7.467911
2.85,480.3353,929.30,27.15623,13.1, -,7.467911
2.90,481.2275,929.20,30.55257,13.1, -,7.467911
2.95,483.0128,929.00,22.07623,13.1, -,7.467911
3.00,485.6911,928.70,20.39257,13.1, -,7.467911
3.05,489.2635,928.30,26.32891,13.1, -,7.467911
3.10,493.7306,927.80,31.42343,13.1, -,7.467911
3.15,494.6241,927.70,30.5816,13.1, -,7.467911
3.20,495.5181,927.60,31.43794,13.1, -,7.467911
3.25,499.0935,927.20,34.00697,13.1, -,7.467911
3.30,503.5648,926.70,36.56149,13.1, -,7.467911
3.35,503.5648,926.70,37.40331,13.1, -,7.467911
3.40,506.2484,926.40,39.116,13.1, -,7.467911
3.45,510.7229,925.90,42.54137,13.1, -,7.467911
3.50,512.5134,925.70,43.3832,13.1, -,7.467911
3.55,514.3041,925.50,42.55589,13.1, -,7.467911
3.60,514.3041,925.50,41.71406,13.1, -,7.467911
3.65,516.9905,925.20,44.26857,13.1, -,7.467911
3.70,521.4698,924.70,45.98126,13.1, -,7.467911
3.75,522.3661,924.60,45.13943,13.1, -,7.467911
3.80,525.0547,924.30,45.99577,13.1, -,7.467911
3.85,526.8477,924.10,46.01028,13.1, -,7.467911
3.90,527.744,924.00,45.16846,13.1, -,7.467911
3.95,529.5375,923.80,46.0248,13.1, -,7.467911
4.00,533.1247,923.40,47.73748,13.1, -,7.467911
4.05,536.7137,923.00,48.60834,13.1, -,7.467911
4.10,539.4061,922.70,47.78102,13.1, -,7.467911
4.15,541.2016,922.50,45.24103,13.1, -,7.467911
4.20,543.8951,922.20,46.95371,13.1, -,7.467911
4.25,545.6913,922.00,47.81006,13.1, -,7.467911
4.30,549.2849,921.60,47.82457,13.1, -,7.467911
4.35,551.9805,921.30,46.14091,13.1, -,7.467911
4.40,552.879,921.20,46.99726,13.1, -,7.467911
4.45,555.5756,920.90,47.01177,13.1, -,7.467911
4.50,560.0717,920.40,47.02629,13.1, -,7.467911
4.55,562.7708,920.10,47.89714,13.1, -,7.467911
4.60,564.5698,919.90,47.89714,13.1, -,7.467911
4.65,566.3698,919.70,49.60983,13.1, -,7.467911
4.70,569.9705,919.30,50.48069,13.1, -,7.467911
4.75,571.7714,919.10,47.92617,13.1, -,7.467911
4.80,573.5719,918.90,48.78251,13.1, -,7.467911
4.85,574.473,918.80,47.08434,13.1, -,7.467911
4.90,577.1752,918.50,47.94069,13.1, -,7.467911
4.95,580.7798,918.10,50.52423,13.1, -,7.467911
5.00,585.287,917.60,53.10777,13.1, -,7.467911
5.05,587.09,917.40,51.4096,13.1, -,7.467911
5.10,587.9922,917.30,48.84057,13.1, -,7.467911
5.15,590.6981,917.00,48.85509,13.1, -,7.467911
5.20,592.5026,916.80,48.85509,13.1, -,7.467911
5.25,594.3074,916.60,47.99874,13.1, -,7.467911
5.30,598.8206,916.10,50.58228,13.1, -,7.467911
5.35,602.4323,915.70,50.5968,13.1, -,7.467911
5.40,604.2388,915.50,49.75497,13.1, -,7.467911
5.45,606.0457,915.30,50.62583,13.1, -,7.467911
5.50,606.949,915.20,48.91314,13.1, -,7.467911
5.55,608.7564,915.00,46.35863,13.1, -,7.467911
5.60,612.3721,914.60,47.22948,13.1, -,7.467911
5.65,615.0845,914.30,48.10034,13.1, -,7.467911
5.70,617.7975,914.00,48.9712,13.1, -,7.467911
5.75,620.5114,913.70,48.12937,13.1, -,7.467911
5.80,623.2259,913.40,49.00023,13.1, -,7.467911
5.85,624.1312,913.30,48.14388,13.1, -,7.467911
5.90,626.8467,913.00,49.87109,13.1, -,7.467911
5.95,629.5629,912.70,49.8856,13.1, -,7.467911
6.00,632.2798,912.40,49.02926,13.1, -,7.467911
6.05,634.0917,912.20,46.46023,13.1, -,7.467911
6.10,636.8099,911.90,47.33109,13.1, -,7.467911
6.15,638.6225,911.70,48.20194,13.1, -,7.467911
6.20,641.3419,911.40,48.20194,13.1, -,7.467911
6.25,643.1553,911.20,48.21645,13.1, -,7.467911
6.30,644.9691,911.00,48.23097,13.1, -,7.467911
6.35,645.8759,910.90,44.79108,13.1, -,7.467911
6.40,648.5977,910.60,43.94926,13.1, -,7.467911
6.45,650.4119,910.40,43.94926,13.1, -,7.467911
6.50,652.2271,910.20,43.94926,13.1, -,7.467911
6.55,653.1349,910.10,43.96377,13.1, -,7.467911
6.60,654.95,909.90,43.96377,13.1, -,7.467911
6.65,655.8582,909.80,41.39474,13.1, -,7.467911
6.70,657.6743,909.60,40.5384,13.1, -,7.467911
6.75,659.4901,909.40,39.68206,13.1, -,7.467911
6.80,663.1238,909.00,40.55291,13.1, -,7.467911
6.85,664.0322,908.90,38.84023,13.1, -,7.467911
6.90,665.8497,908.70,39.71109,13.1, -,7.467911
6.95,666.7589,908.60,37.9984,13.1, -,7.467911
7.00,667.6676,908.50,36.28571,13.1, -,7.467911
7.05,668.5763,908.40,34.57303,13.1, -,7.467911
7.10,670.3947,908.20,34.57303,13.1, -,7.467911
7.15,672.2133,908.00,33.71669,13.1, -,7.467911
7.20,674.0323,907.80,33.71669,13.1, -,7.467911
7.25,674.9417,907.70,32.004,13.1, -,7.467911
7.30,676.761,907.50,32.004,13.1, -,7.467911
7.35,677.6707,907.40,31.14766,13.1, -,7.467911
7.40,679.4907,907.20,32.01851,13.1, -,7.467911
7.45,680.401,907.10,30.29131,13.1, -,7.467911
7.50,682.2209,906.90,30.29131,13, -,7.467911
7.55,684.0416,906.70,30.29131,13, -,7.467911
7.60,685.8627,906.50,31.14766,13, -,7.467911
7.65,686.7731,906.40,30.29131,13, -,7.467911
7.70,688.5947,906.20,31.16217,13, -,7.467911
7.75,689.5059,906.10,30.30583,13, -,7.467911
7.80,691.3274,905.90,30.32034,13, -,7.467911
7.85,693.1498,905.70,28.60765,13, -,7.467911
7.90,694.0613,905.60,28.60765,13, -,7.467911
7.95,695.8837,905.40,28.62217,13, -,7.467911
8.00,696.7955,905.30,28.62217,13, -,7.467911
8.05,697.7069,905.20,28.62217,13, -,7.467911
8.10,699.5304,905.00,29.49303,13, -,7.467911
8.15,700.4421,904.90,28.63668,13, -,7.467911
8.20,702.2661,904.70,28.6512,13, -,7.467911
8.25,703.1785,904.60,27.79486,13, -,7.467911
8.30,704.0905,904.50,27.79486,13, -,7.467911
8.35,705.915,904.30,27.80937,13, -,7.467911
8.40,706.8273,904.20,27.80937,13, -,7.467911
8.45,707.7401,904.10,26.95303,13, -,7.467911
8.50,709.5649,903.90,27.82388,13, -,7.467911
8.55,710.4779,903.80,26.96754,13, -,7.448463
8.60,711.3905,903.70,26.1112,13, -,7.448463
8.65,712.3037,903.60,25.25486,13, -,7.448463
8.70,713.2165,903.50,25.25486,13, -,7.448463
8.75,714.1293,903.40,24.384,13, -,7.448463
8.80,715.0428,903.30,24.384,13, -,7.448463
8.85,715.9558,903.20,23.51314,13, -,7.448463
8.90,716.8695,903.10,22.64228,13, -,7.448463
8.95,717.7826,903.00,22.64228,13, -,7.448463
9.00,718.6959,902.90,21.77143,13, -,7.448463
9.05,719.6098,902.80,21.77143,13, -,7.448463
9.10,720.5231,902.70,21.77143,13, -,7.448463
9.15,721.4373,902.60,20.90057,13, -,7.448463
9.20,722.3508,902.50,20.90057,13, -,7.448463
9.25,723.2644,902.40,20.02971,13, -,7.448463
9.30,724.1787,902.30,20.02971,13, -,7.448463
9.35,725.0925,902.20,20.02971,13, -,7.448463
9.40,726.007,902.10,19.15886,13, -,7.448463
9.45,726.007,902.10,18.288,13, -,7.448463
9.50,726.921,902.00,18.288,13, -,7.467911
9.55,727.8351,901.90,17.41714,13, -,7.467911
9.60,728.7498,901.80,17.41714,13, -,7.467911
9.65,728.7498,901.80,16.54629,13, -,7.467911
9.70,729.664,901.70,16.54629,13, -,7.467911
9.75,730.5789,901.60,16.54629,13, -,7.467911
9.80,730.5789,901.60,15.67543,13, -,7.467911
9.85,731.4933,901.50,15.67543,13, -,7.467911
9.90,732.4077,901.40,15.67543,13, -,7.467911
9.95,733.3229,901.30,15.67543,13, -,7.467911
10.00,733.3229,901.30,14.80457,13, -,7.467911
10.05,734.2375,901.20,14.80457,13, -,7.467911
10.10,734.2375,901.20,13.93371,13, -,7.467911
10.15,735.1528,901.10,13.93371,13, -,7.467911
10.20,735.1528,901.10,13.06286,13, -,7.467911
10.25,735.1528,901.10,12.192,13, -,7.467911
10.30,736.9825,900.90,13.06286,13, -,7.467911
10.35,737.898,900.80,13.06286,13, -,7.467911
10.40,737.898,900.80,12.192,13, -,7.467911
10.45,738.813,900.70,12.192,13, -,7.467911
10.50,738.813,900.70,12.192,13, -,7.467911
10.55,739.7288,900.60,12.192,13, -,7.467911
10.60,738.813,900.70,10.45028,13, -,7.467911
10.65,738.813,900.70,9.579429,13, -,7.467911
10.70,738.813,900.70,9.579429,13, -,7.467911
10.75,739.7288,900.60,9.579429,13, -,7.467911
10.80,740.644,900.50,9.579429,13, -,7.467911
10.85,741.5593,900.40,10.45028,13, -,7.467911
10.90,740.644,900.50,8.708571,13, -,7.467911
10.95,739.7288,900.60,6.966857,13, -,7.467911
11.00,739.7288,900.60,6.096,13, -,7.467911
11.05,738.813,900.70,5.225142,13, -,7.467911
11.10,738.813,900.70,4.354286,13, -,7.467911
11.15,737.898,900.80,3.483428,13, Drogue,7.467911
11.20,737.898,900.80,2.612571,13, -,7.467911
11.25,737.898,900.80,2.612571,13, -,7.467911
11.30,737.898,900.80,2.612571,13, -,7.467911
11.35,737.898,900.80,0.8708571,13, -,7.467911
11.40,737.898,900.80,0,13, -,7.467911
11.45,737.898,900.80,0,13, -,7.467911
11.50,737.898,900.80,-0.8708571,13, -,7.467911
11.55,737.898,900.80,-0.8708571,13, -,7.467911
11.60,738.813,900.70,-0.8708571,13, -,7.467911
11.65,738.813,900.70,0,13, -,7.467911
11.70,738.813,900.70,0,13, -,7.467911
11.75,737.898,900.80,-0.8708571,13, -,7.467911
11.80,737.898,900.80,-1.741714,13, -,7.467911
11.85,737.898,900.80,-2.612571,13, -,7.467911
11.90,736.9825,900.90,-4.354286,13, -,7.467911
11.95,736.0676,901.00,-4.354286,13, -,7.467911
12.00,736.0676,901.00,-3.483428,13, -,7.467911
12.05,736.0676,901.00,-3.483428,13, -,7.467911
12.10,736.0676,901.00,-2.612571,13, -,7.467911
12.15,736.0676,901.00,-2.612571,13, -,7.467911
12.20,734.2375,901.20,-3.483428,13, -,7.467911
12.25,734.2375,901.20,-3.483428,13, -,7.467911
12.30,734.2375,901.20,-3.483428,13, -,7.467911
12.35,735.1528,901.10,-2.612571,13, -,7.467911
12.40,734.2375,901.20,-3.483428,13, -,7.467911
12.45,734.2375,901.20,-3.483428,13, -,7.467911
12.50,733.3229,901.30,-4.354286,13, -,7.467911
12.55,733.3229,901.30,-4.354286,13, -,7.467911
12.60,732.4077,901.40,-5.225142,13, -,7.467911
12.65,732.4077,901.40,-6.096,13, -,7.467911
12.70,731.4933,901.50,-6.966857,13, -,7.467911
12.75,730.5789,901.60,-7.837714,13, -,7.467911
12.80,731.4933,901.50,-6.096,13, -,7.467911
12.85,732.4077,901.40,-5.225142,13, -,7.467911
12.90,731.4933,901.50,-6.096,13, -,7.467911
12.95,731.4933,901.50,-5.225142,13, -,7.467911
13.00,730.5789,901.60,-5.225142,13, -,7.467911
13.05,728.7498,901.80,-6.966857,13, -,7.467911
13.10,728.7498,901.80,-6.966857,13, -,7.467911
13.15,726.921,902.00,-8.708571,13, -,7.467911
13.20,726.921,902.00,-8.708571,13, -,7.467911
13.25,729.664,901.70,-4.354286,13, -,7.467911
13.30,728.7498,901.80,-5.225142,13, -,7.467911
13.35,727.8351,901.90,-6.096,13, -,7.467911
13.40,727.8351,901.90,-6.966857,13, -,7.467911
13.45,728.7498,901.80,-5.225142,13, -,7.467911
13.50,727.8351,901.90,-6.096,13, -,7.467911
13.55,726.921,902.00,-6.096,13, -,7.467911
13.60,724.1787,902.30,-8.708571,13, -,7.467911
13.65,723.2644,902.40,-8.708571,13, -,7.467911
13.70,723.2644,902.40,-8.708571,13, -,7.467911
13.75,723.2644,902.40,-7.837714,13, -,7.467911
13.80,722.3508,902.50,-7.837714,13, -,7.467911
13.85,721.4373,902.60,-9.579429,13, -,7.467911
13.90,720.5231,902.70,-11.32114,13, -,7.467911
13.95,720.5231,902.70,-10.45028,13, -,7.467911
14.00,720.5231,902.70,-10.45028,13, -,7.467911
14.05,719.6098,902.80,-10.45028,13, -,7.467911
14.10,719.6098,902.80,-8.708571,13, -,7.467911
14.15,719.6098,902.80,-8.708571,13, -,7.467911
14.20,719.6098,902.80,-6.966857,13, -,7.467911
14.25,719.6098,902.80,-6.966857,13, -,7.467911
14.30,719.6098,902.80,-9.579429,13, -,7.467911
14.35,719.6098,902.80,-8.708571,13, -,7.467911
14.40,718.6959,902.90,-8.708571,13, -,7.467911
14.45,717.7826,903.00,-9.579429,13, -,7.467911
14.50,715.9558,903.20,-12.192,13, -,7.467911
14.55,715.0428,903.30,-12.192,13, -,7.467911
14.60,714.1293,903.40,-12.192,13, -,7.467911
14.65,714.1293,903.40,-9.579429,13, -,7.467911
14.70,714.1293,903.40,-8.708571,13, -,7.467911
14.75,713.2165,903.50,-9.579429,13, -,7.467911
14.80,713.2165,903.50,-9.579429,13, -,7.467911
14.85,712.3037,903.60,-9.579429,13, -,7.467911
14.90,711.3905,903.70,-9.579429,13, -,7.467911
14.95,711.3905,903.70,-8.708571,13, -,7.467911
15.00,711.3905,903.70,-8.708571,13, -,7.467911
15.05,711.3905,903.70,-8.708571,13, -,7.467911
15.10,711.3905,903.70,-7.837714,13, -,7.467911
15.15,710.4779,903.80,-8.708571,13, -,7.467911
15.20,709.5649,903.90,-9.579429,13, -,7.467911
15.25,707.7401,904.10,-11.32114,13, -,7.467911
15.30,707.7401,904.10,-11.32114,13, -,7.467911
15.35,707.7401,904.10,-11.32114,13, -,7.467911
15.40,707.7401,904.10,-11.32114,13, -,7.467911
15.45,707.7401,904.10,-10.45028,13, -,7.467911
15.50,706.8273,904.20,-10.45028,13, -,7.448463
15.55,705.915,904.30,-9.579429,13, -,7.448463
15.60,705.915,904.30,-8.708571,13, -,7.448463
15.65,705.0024,904.40,-8.708571,13, -,7.448463
15.70,704.0905,904.50,-9.579429,13, -,7.448463
15.75,704.0905,904.50,-9.579429,13, -,7.448463
15.80,704.0905,904.50,-8.708571,13, -,7.448463
15.85,703.1785,904.60,-9.579429,13, -,7.448463
15.90,703.1785,904.60,-8.708571,13, -,7.448463
15.95,701.3543,904.80,-9.579429,13, -,7.448463
16.00,701.3543,904.80,-9.579429,13, -,7.448463
16.05,701.3543,904.80,-9.579429,13, -,7.448463
16.10,701.3543,904.80,-9.579429,13, -,7.448463
16.15,700.4421,904.90,-10.45028,13, -,7.448463
16.20,700.4421,904.90,-9.579429,13, -,7.448463
16.25,699.5304,905.00,-9.579429,13, -,7.448463
16.30,698.6189,905.10,-8.708571,13, -,7.448463
16.35,697.7069,905.20,-9.579429,13, -,7.448463
16.40,697.7069,905.20,-9.579429,13, -,7.448463
16.45,696.7955,905.30,-10.45028,13, -,7.448463
16.50,696.7955,905.30,-10.45028,13, -,7.448463
16.55,695.8837,905.40,-10.45028,12.9, -,7.467911
16.60,695.8837,905.40,-9.579429,12.9, -,7.467911
16.65,695.8837,905.40,-9.579429,12.9, -,7.467911
16.70,695.8837,905.40,-8.708571,12.9, -,7.467911
16.75,695.8837,905.40,-7.837714,12.9, -,7.467911
16.80,694.0613,905.60,-9.579429,12.9, -,7.467911
16.85,693.1498,905.70,-10.45028,12.9, -,7.467911
16.90,692.2388,905.80,-10.45028,12.9, -,7.467911
16.95,692.2388,905.80,-10.45028,12.9, -,7.467911
17.00,691.3274,905.90,-9.579429,12.9, -,7.467911
17.05,691.3274,905.90,-9.579429,12.9, -,7.467911
17.10,691.3274,905.90,-9.579429,12.9, -,7.467911
17.15,691.3274,905.90,-9.579429,12.9, -,7.467911
17.20,690.4166,906.00,-9.579429,12.9, -,7.467911
17.25,689.5059,906.10,-10.45028,12.9, -,7.467911
17.30,689.5059,906.10,-9.579429,12.9, -,7.467911
17.35,689.5059,906.10,-8.708571,12.9, -,7.467911
17.40,689.5059,906.10,-7.837714,12.9, -,7.467911
17.45,688.5947,906.20,-8.708571,12.9, -,7.467911
17.50,687.6841,906.30,-8.708571,12.9, -,7.487359
17.55,686.7731,906.40,-9.579429,12.9, -,7.487359
17.60,685.8627,906.50,-9.579429,12.9, -,7.487359
17.65,685.8627,906.50,-9.579429,12.9, -,7.487359
17.70,685.8627,906.50,-9.579429,12.9, -,7.487359
17.75,685.8627,906.50,-9.579429,12.9, -,7.487359
17.80,684.9524,906.60,-10.45028,12.9, -,7.487359
17.85,684.9524,906.60,-8.708571,12.9, -,7.487359
17.90,684.0416,906.70,-8.708571,12.9, -,7.487359
17.95,683.1315,906.80,-8.708571,12.9, -,7.487359
18.00,683.1315,906.80,-8.708571,12.9, -,7.487359
18.05,683.1315,906.80,-7.837714,12.9, -,7.487359
18.10,682.2209,906.90,-8.708571,12.9, -,7.487359
18.15,681.3109,907.00,-9.579429,12.9, -,7.487359
18.20,681.3109,907.00,-9.579429,12.9, -,7.487359
18.25,681.3109,907.00,-8.708571,12.9, -,7.487359
18.30,681.3109,907.00,-7.837714,12.9, -,7.487359
18.35,680.401,907.10,-8.708571,12.9, -,7.487359
18.40,679.4907,907.20,-9.579429,12.9, -,7.487359
18.45,678.5809,907.30,-10.45028,12.9, -,7.487359
18.50,678.5809,907.30,-9.579429,12.9, -,7.487359
18.55,677.6707,907.40,-9.579429,12.9, -,7.467911
18.60,676.761,907.50,-9.579429,12.9, -,7.467911
18.65,676.761,907.50,-8.708571,12.9, -,7.467911
18.70,676.761,907.50,-8.708571,12.9, -,7.467911
18.75,676.761,907.50,-8.708571,12.9, -,7.467911
18.80,675.8516,907.60,-9.579429,12.9, -,7.467911
18.85,674.9417,907.70,-9.579429,12.9, -,7.467911
18.90,674.0323,907.80,-10.45028,12.9, -,7.467911
18.95,674.0323,907.80,-9.579429,12.9, -,7.467911
19.00,674.0323,907.80,-8.708571,12.9, -,7.467911
19.05,673.1225,907.90,-9.579429,12.9, -,7.467911
19.10,673.1225,907.90,-9.579429,12.9, -,7.467911
19.15,672.2133,908.00,-9.579429,12.9, -,7.467911
19.20,671.3042,908.10,-9.579429,12.9, -,7.467911
19.25,671.3042,908.10,-9.579429,12.9, -,7.467911
19.30,670.3947,908.20,-10.45028,12.9, -,7.467911
19.35,671.3042,908.10,-9.579429,12.9, -,7.467911
19.40,670.3947,908.20,-9.579429,12.9, -,7.467911
19.45,670.3947,908.20,-8.708571,12.9, -,7.467911
19.50,669.4857,908.30,-8.708571,12.9, -,7.467911
19.55,668.5763,908.40,-9.579429,12.9, -,7.467911
19.60,668.5763,908.40,-8.708571,12.9, -,7.467911
19.65,668.5763,908.40,-7.837714,12.9, -,7.467911
19.70,667.6676,908.50,-8.708571,12.9, -,7.467911
19.75,666.7589,908.60,-9.579429,12.9, -,7.467911
19.80,666.7589,908.60,-9.579429,12.9, -,7.467911
19.85,665.8497,908.70,-9.579429,12.9, -,7.467911
19.90,664.9412,908.80,-9.579429,12.9, -,7.467911
19.95,664.9412,908.80,-8.708571,12.9, -,7.467911
20.00,664.0322,908.90,-9.579429,12.9, -,7.467911
20.05,664.0322,908.90,-9.579429,12.9, -,7.467911
20.10,664.0322,908.90,-8.708571,12.9, -,7.467911
20.15,664.0322,908.90,-8.708571,12.9, -,7.467911
20.20,663.1238,909.00,-8.708571,12.9, -,7.467911
20.25,663.1238,909.00,-7.837714,12.9, -,7.467911
20.30,662.2156,909.10,-8.708571,12.9, -,7.467911
20.35,661.3068,909.20,-8.708571,12.9, -,7.467911
20.40,660.3987,909.30,-10.45028,12.9, -,7.467911
20.45,660.3987,909.30,-9.579429,12.9, -,7.467911
20.50,660.3987,909.30,-9.579429,12.9, -,7.467911
20.55,660.3987,909.30,-8.708571,12.9, -,7.467911
20.60,659.4901,909.40,-8.708571,12.9, -,7.467911
20.65,659.4901,909.40,-8.708571,12.9, -,7.467911
20.70,658.5822,909.50,-9.579429,12.9, -,7.467911
20.75,657.6743,909.60,-9.579429,12.9, -,7.467911
20.80,656.7659,909.70,-9.579429,12.9, -,7.467911
20.85,656.7659,909.70,-9.579429,12.9, -,7.467911
20.90,656.7659,909.70,-8.708571,12.9, -,7.467911
20.95,656.7659,909.70,-7.837714,12.9, -,7.467911
21.00,655.8582,909.80,-8.708571,12.9, -,7.467911
21.05,655.8582,909.80,-7.837714,12.9, -,7.467911
21.10,654.95,909.90,-8.708571,12.9, -,7.467911
21.15,654.0424,910.00,-9.579429,12.9, -,7.467911
21.20,654.0424,910.00,-9.579429,12.9, -,7.467911
21.25,653.1349,910.10,-9.579429,12.9, -,7.467911
21.30,652.2271,910.20,-10.45028,12.9, -,7.467911
21.35,651.3197,910.30,-10.45028,12.9, -,7.467911
21.40,651.3197,910.30,-9.579429,12.9, -,7.467911
21.45,651.3197,910.30,-8.708571,12.9, -,7.467911
21.50,650.4119,910.40,-9.579429,12.9, -,7.467911
21.55,650.4119,910.40,-9.579429,12.9, -,7.467911
21.60,650.4119,910.40,-9.579429,12.9, -,7.467911
21.65,649.5048,910.50,-9.579429,12.9, -,7.467911
21.70,649.5048,910.50,-9.579429,12.9, -,7.467911
21.75,648.5977,910.60,-9.579429,12.9, -,7.467911
21.80,648.5977,910.60,-8.708571,12.9, -,7.467911
21.85,647.6902,910.70,-8.708571,12.9, -,7.467911
21.90,647.6902,910.70,-8.708571,12.9, -,7.467911
21.95,646.7833,910.80,-9.579429,12.9, -,7.467911
22.00,645.8759,910.90,-10.45028,12.9, -,7.467911
22.05,645.8759,910.90,-9.579429,12.9, -,7.467911
22.10,644.9691,911.00,-10.43577,12.9, -,7.467911
22.15,644.9691,911.00,-9.564914,12.9, -,7.467911
22.20,644.9691,911.00,-8.694057,12.9, -,7.467911
22.25,644.0625,911.10,-9.5504,12.9, -,7.467911
22.30,644.0625,911.10,-8.679543,12.9, -,7.467911
22.35,643.1553,911.20,-8.679543,12.9, -,7.467911
22.40,643.1553,911.20,-7.808685,12.9, -,7.467911
22.45,642.2488,911.30,-8.665029,12.9, -,7.467911
22.50,642.2488,911.30,-8.665029,12.9, -,7.467911
22.55,641.3419,911.40,-8.665029,12.9, -,7.467911
22.60,641.3419,911.40,-8.665029,12.9, -,7.467911
22.65,640.4355,911.50,-9.521371,12.9, -,7.467911
22.70,639.5292,911.60,-9.506857,12.9, -,7.467911
22.75,639.5292,911.60,-9.506857,12.9, -,7.467911
22.80,639.5292,911.60,-8.636,12.9, -,7.467911
22.85,638.6225,911.70,-9.492342,12.9, -,7.467911
22.90,638.6225,911.70,-8.621486,12.9, -,7.467911
22.95,637.7164,911.80,-9.477828,12.9, -,7.467911
23.00,637.7164,911.80,-8.606971,12.9, -,7.467911
23.05,636.8099,911.90,-8.592457,12.9, -,7.467911
23.10,636.8099,911.90,-8.592457,12.9, -,7.467911
23.15,635.9039,912.00,-8.592457,12.9, -,7.467911
23.20,635.9039,912.00,-8.592457,12.9, -,7.467911
23.25,634.998,912.10,-9.4488,12.9, -,7.467911
23.30,634.0917,912.20,-9.4488,12.9, -,7.467911
23.35,634.0917,912.20,-9.4488,12.9, -,7.467911
23.40,634.0917,912.20,-8.577943,12.9, -,7.467911
23.45,633.186,912.30,-9.434285,12.9, -,7.467911
23.50,633.186,912.30,-8.577943,12.9, -,7.487359
23.55,632.2798,912.40,-9.434285,12.9, -,7.487359
23.60,632.2798,912.40,-8.563428,12.9, -,7.487359
23.65,631.3743,912.50,-9.419771,12.9, -,7.487359
23.70,631.3743,912.50,-8.563428,12.9, -,7.487359
23.75,631.3743,912.50,-7.707086,12.9, -,7.487359
23.80,630.4689,912.60,-8.563428,12.9, -,7.487359
23.85,630.4689,912.60,-8.563428,12.9, -,7.487359
23.90,629.5629,912.70,-8.563428,12.9, -,7.487359
23.95,628.6577,912.80,-9.419771,12.9, -,7.487359
24.00,628.6577,912.80,-8.563428,12.9, -,7.487359
24.05,628.6577,912.80,-8.563428,12.9, -,7.487359
24.10,627.7519,912.90,-8.563428,12.9, -,7.487359
24.15,627.7519,912.90,-8.563428,12.9, -,7.487359
24.20,626.8467,913.00,-8.563428,12.9, -,7.487359
24.25,625.9417,913.10,-9.419771,12.9, -,7.487359
24.30,625.9417,913.10,-8.563428,12.9, -,7.487359
24.35,625.9417,913.10,-7.707086,12.9, -,7.487359
24.40,625.9417,913.10,-7.707086,12.9, -,7.487359
24.45,625.0361,913.20,-8.563428,12.9, -,7.487359
24.50,625.0361,913.20,-7.707086,12.9, -,7.487359
24.55,624.1312,913.30,-8.563428,12.8, -,7.467911
24.60,623.2259,913.40,-8.563428,12.8, -,7.467911
24.65,623.2259,913.40,-8.563428,12.8, -,7.467911
24.70,622.3212,913.50,-8.563428,12.8, -,7.467911
24.75,621.4165,913.60,-9.419771,12.8, -,7.467911
24.80,621.4165,913.60,-9.419771,12.8, -,7.467911
24.85,621.4165,913.60,-8.563428,12.8, -,7.467911
24.90,620.5114,913.70,-9.419771,12.8, -,7.467911
24.95,620.5114,913.70,-8.563428,12.8, -,7.467911
25.00,620.5114,913.70,-7.707086,12.8, -,7.467911
25.05,619.6069,913.80,-8.563428,12.8, -,7.467911
25.10,618.7019,913.90,-9.419771,12.8, -,7.467911
25.15,618.7019,913.90,-8.563428,12.8, -,7.467911
25.20,617.7975,914.00,-9.419771,12.8, -,7.467911
25.25,617.7975,914.00,-8.563428,12.8, -,7.467911
25.30,617.7975,914.00,-7.707086,12.8, -,7.467911
25.35,617.7975,914.00,-7.707086,12.8, -,7.467911
25.40,616.8933,914.10,-8.563428,12.8, -,7.467911
25.45,615.9886,914.20,-9.419771,12.8, -,7.467911
25.50,615.0845,914.30,-9.419771,12.8, -,7.487359
25.55,615.0845,914.30,-9.419771,12.8, -,7.487359
25.60,614.1799,914.40,-9.419771,12.8, -,7.487359
25.65,614.1799,914.40,-8.563428,12.8, -,7.487359
25.70,613.2759,914.50,-9.419771,12.8, -,7.487359
25.75,613.2759,914.50,-8.563428,12.8, -,7.487359
25.80,613.2759,914.50,-7.707086,12.8, -,7.487359
25.85,612.3721,914.60,-8.563428,12.8, -,7.487359
25.90,612.3721,914.60,-8.563428,12.8, -,7.487359
25.95,611.4678,914.70,-8.563428,12.8, -,7.487359
26.00,611.4678,914.70,-8.563428,12.8, -,7.487359
26.05,610.5641,914.80,-9.419771,12.8, -,7.487359
26.10,610.5641,914.80,-8.563428,12.8, -,7.487359
26.15,610.5641,914.80,-7.707086,12.8, -,7.487359
26.20,609.6599,914.90,-8.563428,12.8, -,7.487359
26.25,608.7564,915.00,-8.563428,12.8, -,7.487359
26.30,608.7564,915.00,-8.563428,12.8, -,7.487359
26.35,608.7564,915.00,-8.563428,12.8, -,7.487359
26.40,607.8529,915.10,-9.419771,12.8, -,7.487359
26.45,606.949,915.20,-9.419771,12.8, -,7.487359
26.50,606.949,915.20,-8.563428,12.8, -,7.487359
26.55,606.0457,915.30,-8.563428,12.8, -,7.467911
26.60,606.0457,915.30,-8.563428,12.8, -,7.467911
26.65,605.142,915.40,-8.563428,12.8, -,7.467911
26.70,605.142,915.40,-8.563428,12.8, -,7.467911
26.75,605.142,915.40,-7.707086,12.8, -,7.467911
26.80,604.2388,915.50,-8.563428,12.8, -,7.467911
26.85,603.3358,915.60,-9.419771,12.8, -,7.467911
26.90,603.3358,915.60,-8.563428,12.8, -,7.467911
26.95,602.4323,915.70,-9.419771,12.8, -,7.467911
27.00,601.5294,915.80,-9.419771,12.8, -,7.467911
27.05,601.5294,915.80,-9.419771,12.8, -,7.467911
27.10,601.5294,915.80,-8.563428,12.8, -,7.467911
27.15,601.5294,915.80,-8.563428,12.8, -,7.467911
27.20,601.5294,915.80,-8.563428,12.8, -,7.467911
27.25,600.626,915.90,-8.563428,12.8, -,7.467911
27.30,599.7232,916.00,-8.563428,12.8, -,7.467911
27.35,598.8206,916.10,-9.419771,12.8, -,7.467911
27.40,598.8206,916.10,-9.419771,12.8, -,7.467911
27.45,598.8206,916.10,-8.563428,12.8, -,7.467911
27.50,598.8206,916.10,-7.707086,12.8, -,7.467911
27.55,598.8206,916.10,-7.707086,12.8, -,7.467911
27.60,597.9175,916.20,-7.707086,12.8, -,7.467911
27.65,597.015,916.30,-8.563428,12.8, -,7.467911
27.70,596.112,916.40,-8.563428,12.8, -,7.467911
27.75,595.2097,916.50,-9.419771,12.8, -,7.467911
27.80,595.2097,916.50,-9.419771,12.8, -,7.467911
27.85,594.3074,916.60,-9.419771,12.8, -,7.467911
27.90,594.3074,916.60,-8.563428,12.8, -,7.467911
27.95,595.2097,916.50,-7.707086,12.8, -,7.467911
28.00,594.3074,916.60,-7.707086,12.8, -,7.467911
28.05,594.3074,916.60,-6.850743,12.8, -,7.467911
28.10,593.4047,916.70,-7.707086,12.8, -,7.467911
28.15,592.5026,916.80,-8.563428,12.8, -,7.467911
28.20,592.5026,916.80,-8.563428,12.8, -,7.467911
28.25,591.6,916.90,-9.419771,12.8, -,7.467911
28.30,590.6981,917.00,-9.419771,12.8, -,7.467911
28.35,590.6981,917.00,-8.563428,12.8, -,7.467911
28.40,590.6981,917.00,-7.707086,12.8, -,7.467911
28.45,589.7962,917.10,-8.563428,12.8, -,7.467911
28.50,589.7962,917.10,-8.563428,12.8, -,7.467911
28.55,588.8939,917.20,-9.419771,12.8, -,7.487359
28.60,587.9922,917.30,-10.27611,12.8, -,7.487359
28.65,587.9922,917.30,-9.419771,12.8, -,7.487359
28.70,587.09,917.40,-9.419771,12.8, -,7.487359
28.75,587.09,917.40,-8.563428,12.8, -,7.487359
28.80,587.09,917.40,-7.707086,12.8, -,7.487359
28.85,587.09,917.40,-7.707086,12.8, -,7.487359
28.90,586.1885,917.50,-7.707086,12.8, -,7.487359
28.95,585.287,917.60,-8.563428,12.8, -,7.487359
29.00,584.3851,917.70,-10.27611,12.8, -,7.487359
29.05,584.3851,917.70,-9.419771,12.8, -,7.487359
29.10,583.4838,917.80,-10.27611,12.8, -,7.487359
29.15,583.4838,917.80,-9.419771,12.8, -,7.487359
29.20,582.582,917.90,-9.419771,12.8, -,7.487359
29.25,582.582,917.90,-9.419771,12.8, -,7.487359
29.30,582.582,917.90,-8.563428,12.8, -,7.487359
29.35,581.6808,918.00,-8.563428,12.8, -,7.487359
29.40,581.6808,918.00,-8.563428,12.8, -,7.487359
29.45,580.7798,918.10,-9.419771,12.8, -,7.487359
29.50,580.7798,918.10,-8.563428,12.8, -,7.467911
29.55,579.8782,918.20,-9.419771,12.8, -,7.467911
29.60,579.8782,918.20,-8.563428,12.8, -,7.467911
29.65,579.8782,918.20,-7.707086,12.8, -,7.467911
29.70,578.9774,918.30,-8.563428,12.8, -,7.467911
29.75,578.9774,918.30,-7.707086,12.8, -,7.467911
29.80,578.076,918.40,-8.563428,12.8, -,7.467911
29.85,577.1752,918.50,-9.419771,12.8, -,7.467911
29.90,576.2746,918.60,-10.27611,12.8, -,7.467911
29.95,576.2746,918.60,-9.419771,12.8, -,7.467911
30.00,575.3734,918.70,-9.419771,12.8, -,7.467911
30.05,575.3734,918.70,-8.563428,12.8, -,7.467911
30.10,575.3734,918.70,-8.563428,12.8, -,7.467911
30.15,575.3734,918.70,-7.707086,12.8, -,7.467911
30.20,574.473,918.80,-8.563428,12.8, -,7.467911
30.25,574.473,918.80,-7.707086,12.8, -,7.467911
30.30,573.5719,918.90,-8.563428,12.8, -,7.467911
30.35,573.5719,918.90,-8.563428,12.8, -,7.467911
30.40,572.6716,919.00,-8.563428,12.8, -,7.467911
30.45,571.7714,919.10,-9.419771,12.8, -,7.467911
30.50,571.7714,919.10,-8.563428,12.8, -,7.467911
30.55,571.7714,919.10,-8.563428,12.7, -,7.487359
30.60,570.8706,919.20,-8.563428,12.7, -,7.487359
30.65,569.9705,919.30,-9.419771,12.7, -,7.487359
30.70,569.9705,919.30,-9.419771,12.7, -,7.487359
30.75,569.0699,919.40,-9.419771,12.7, -,7.487359
30.80,568.17,919.50,-10.27611,12.7, -,7.487359
30.85,568.17,919.50,-9.419771,12.7, -,7.487359
30.90,568.17,919.50,-8.563428,12.7, -,7.487359
30.95,568.17,919.50,-7.707086,12.7, -,7.487359
31.00,568.17,919.50,-7.707086,12.7, -,7.487359
31.05,567.2701,919.60,-7.707086,12.7, -,7.487359
31.10,566.3698,919.70,-8.563428,12.7, -,7.487359
31.15,565.47,919.80,-9.419771,12.7, -,7.487359
31.20,565.47,919.80,-9.419771,12.7, -,7.487359
31.25,564.5698,919.90,-9.419771,12.7, -,7.487359
31.30,564.5698,919.90,-9.419771,12.7, -,7.487359
31.35,563.6703,920.00,-9.419771,12.7, -,7.487359
31.40,563.6703,920.00,-9.419771,12.7, -,7.487359
31.45,563.6703,920.00,-8.563428,12.7, -,7.487359
31.50,562.7708,920.10,-8.563428,12.7, -,7.467911
31.55,562.7708,920.10,-8.563428,12.7, -,7.467911
31.60,562.7708,920.10,-8.563428,12.7, -,7.467911
31.65,561.8708,920.20,-8.563428,12.7, -,7.467911
31.70,561.8708,920.20,-7.707086,12.7, -,7.467911
31.75,560.9716,920.30,-8.563428,12.7, -,7.467911
31.80,560.0717,920.40,-8.563428,12.7, -,7.467911
31.85,560.0717,920.40,-7.707086,12.7, -,7.467911
31.90,560.0717,920.40,-7.707086,12.7, -,7.467911
31.95,559.1726,920.50,-8.563428,12.7, -,7.467911
32.00,558.2735,920.60,-9.419771,12.7, -,7.467911
32.05,557.374,920.70,-10.27611,12.7, -,7.467911
32.10,557.374,920.70,-9.419771,12.7, -,7.467911
32.15,556.475,920.80,-9.419771,12.7, -,7.467911
32.20,556.475,920.80,-8.563428,12.7, -,7.467911
32.25,556.475,920.80,-8.563428,12.7, -,7.467911
32.30,556.475,920.80,-7.707086,12.7, -,7.467911
32.35,555.5756,920.90,-8.563428,12.7, -,7.467911
32.40,554.6769,921.00,-8.563428,12.7, -,7.467911
32.45,553.7782,921.10,-9.419771,12.7, -,7.467911
32.50,553.7782,921.10,-9.419771,12.7, -,7.467911
32.55,553.7782,921.10,-8.563428,12.7, -,7.467911
32.60,553.7782,921.10,-8.563428,12.7, -,7.467911
32.65,552.879,921.20,-9.419771,12.7, -,7.467911
32.70,552.879,921.20,-8.563428,12.7, -,7.467911
32.75,551.9805,921.30,-9.419771,12.7, -,7.467911
32.80,551.9805,921.30,-8.563428,12.7, -,7.467911
32.85,551.0815,921.40,-8.563428,12.7, -,7.467911
32.90,551.0815,921.40,-8.563428,12.7, -,7.467911
32.95,550.1832,921.50,-9.419771,12.7, -,7.467911
33.00,549.2849,921.60,-9.419771,12.7, -,7.467911
33.05,548.3861,921.70,-9.419771,12.7, -,7.467911
33.10,549.2849,921.60,-7.707086,12.7, -,7.467911
33.15,549.2849,921.60,-7.707086,12.7, -,7.467911
33.20,550.1832,921.50,-5.9944,12.7, -,7.467911
33.25,549.2849,921.60,-6.850743,12.7, -,7.467911
33.30,547.4879,921.80,-8.563428,12.7, -,7.467911
33.35,546.5894,921.90,-9.419771,12.7, -,7.467911
33.40,546.5894,921.90,-8.563428,12.7, -,7.467911
33.45,545.6913,922.00,-8.563428,12.7, -,7.467911
33.50,545.6913,922.00,-7.707086,12.7, -,7.448463
33.55,545.6913,922.00,-7.707086,12.7, -,7.448463
33.60,545.6913,922.00,-7.707086,12.7, -,7.448463
33.65,544.7935,922.10,-8.563428,12.7, -,7.448463
33.70,543.8951,922.20,-8.563428,12.7, -,7.448463
33.75,542.9974,922.30,-9.419771,12.7, -,7.448463
33.80,542.9974,922.30,-8.563428,12.7, -,7.448463
33.85,542.0992,922.40,-9.419771,12.7, -,7.448463
33.90,542.0992,922.40,-8.563428,12.7, -,7.448463
33.95,542.0992,922.40,-8.563428,12.7, -,7.448463
34.00,542.0992,922.40,-7.707086,12.7, -,7.448463
34.05,541.2016,922.50,-7.707086,12.7, -,7.448463
34.10,540.3041,922.60,-7.707086,12.7, -,7.448463
34.15,540.3041,922.60,-8.563428,12.7, -,7.448463
34.20,539.4061,922.70,-9.419771,12.7, -,7.448463
34.25,539.4061,922.70,-10.27611,12.7, -,7.448463
34.30,539.4061,922.70,-9.419771,12.7, -,7.448463
34.35,538.5088,922.80,-8.563428,12.7, -,7.448463
34.40,537.6109,922.90,-8.563428,12.7, -,7.448463
34.45,537.6109,922.90,-8.563428,12.7, -,7.448463
34.50,537.6109,922.90,-7.707086,12.7, -,7.448463
34.55,536.7137,923.00,-8.563428,12.7, -,7.467911
34.60,536.7137,923.00,-8.563428,12.7, -,7.467911
34.65,535.8167,923.10,-9.419771,12.7, -,7.467911
34.70,535.8167,923.10,-8.563428,12.7, -,7.467911
34.75,534.9191,923.20,-8.563428,12.7, -,7.467911
34.80,534.0221,923.30,-8.563428,12.7, -,7.467911
34.85,534.9191,923.20,-7.707086,12.7, -,7.467911
34.90,534.0221,923.30,-7.707086,12.7, -,7.467911
34.95,534.0221,923.30,-7.707086,12.7, -,7.467911
35.00,533.1247,923.40,-8.563428,12.7, -,7.467911
35.05,532.2279,923.50,-9.419771,12.7, -,7.467911
35.10,532.2279,923.50,-8.563428,12.7, -,7.467911
35.15,531.3312,923.60,-8.563428,12.7, -,7.467911
35.20,531.3312,923.60,-8.563428,12.7, -,7.467911
35.25,530.434,923.70,-8.563428,12.7, -,7.467911
35.30,529.5375,923.80,-9.419771,12.7, -,7.467911
35.35,529.5375,923.80,-9.419771,12.7, -,7.467911
35.40,529.5375,923.80,-8.563428,12.7, -,7.467911
35.45,529.5375,923.80,-7.707086,12.7, -,7.467911
35.50,528.6404,923.90,-8.563428,12.7, -,7.467911
35.55,527.744,924.00,-9.419771,12.7, -,7.467911
35.60,527.744,924.00,-8.563428,12.7, -,7.467911
35.65,527.744,924.00,-8.563428,12.7, -,7.467911
35.70,526.8477,924.10,-8.563428,12.7, -,7.467911
35.75,525.9509,924.20,-9.419771,12.7, -,7.467911
35.80,525.9509,924.20,-8.563428,12.7, -,7.467911
35.85,525.9509,924.20,-7.707086,12.7, -,7.467911
35.90,525.0547,924.30,-9.419771,12.7, -,7.467911
35.95,524.1581,924.40,-9.419771,12.7, -,7.467911
36.00,524.1581,924.40,-9.419771,12.7, -,7.467911
36.05,523.2621,924.50,-9.419771,12.7, -,7.467911
36.10,523.2621,924.50,-8.563428,12.7, -,7.467911
36.15,522.3661,924.60,-9.419771,12.7, -,7.467911
36.20,522.3661,924.60,-8.563428,12.7, -,7.467911
36.25,522.3661,924.60,-8.563428,12.7, -,7.467911
36.30,522.3661,924.60,-7.707086,12.7, -,7.467911
36.35,521.4698,924.70,-7.707086,12.7, -,7.467911
36.40,520.574,924.80,-8.563428,12.7, -,7.467911
36.45,519.6777,924.90,-9.419771,12.7, -,7.467911
36.50,519.6777,924.90,-9.419771,12.7, -,7.467911
36.55,518.7821,925.00,-9.419771,12.7, -,7.467911
36.60,518.7821,925.00,-8.563428,12.7, -,7.467911
36.65,518.7821,925.00,-8.563428,12.7, -,7.467911
36.70,517.8866,925.10,-9.419771,12.7, -,7.467911
36.75,517.8866,925.10,-8.563428,12.7, -,7.467911
36.80,516.9905,925.20,-8.563428,12.7, -,7.467911
36.85,516.9905,925.20,-8.563428,12.7, -,7.467911
36.90,516.0952,925.30,-9.419771,12.7, -,7.467911
36.95,516.0952,925.30,-8.563428,12.7, -,7.467911
37.00,516.0952,925.30,-7.707086,12.7, -,7.467911
37.05,516.0952,925.30,-7.707086,12.7, -,7.467911
37.10,515.1993,925.40,-7.707086,12.7, -,7.467911
37.15,515.1993,925.40,-7.707086,12.7, -,7.467911
37.20,514.3041,925.50,-7.707086,12.7, -,7.467911
37.25,513.409,925.60,-8.563428,12.7, -,7.467911
37.30,513.409,925.60,-8.563428,12.7, -,7.467911
37.35,512.5134,925.70,-9.419771,12.7, -,7.467911
37.40,511.6183,925.80,-9.419771,12.7, -,7.467911
37.45,511.6183,925.80,-8.563428,12.7, -,7.467911
37.50,510.7229,925.90,-8.563428,12.6, -,7.467911
37.55,510.7229,925.90,-8.563428,12.6, -,7.467911
37.60,510.7229,925.90,-7.707086,12.6, -,7.467911
37.65,510.7229,925.90,-7.707086,12.6, -,7.467911
37.70,509.8281,926.00,-8.563428,12.6, -,7.467911
37.75,508.9333,926.10,-8.563428,12.6, -,7.467911
37.80,508.9333,926.10,-8.563428,12.6, -,7.467911
37.85,508.9333,926.10,-7.707086,12.6, -,7.467911
37.90,508.9333,926.10,-7.707086,12.6, -,7.467911
37.95,508.0381,926.20,-7.707086,12.6, -,7.467911
38.00,508.0381,926.20,-7.707086,12.6, -,7.467911
38.05,507.1435,926.30,-8.563428,12.6, -,7.467911
38.10,506.2484,926.40,-9.419771,12.6, -,7.467911
38.15,505.354,926.50,-9.419771,12.6, -,7.467911
38.20,505.354,926.50,-9.419771,12.6, -,7.467911
38.25,504.4597,926.60,-9.419771,12.6, -,7.467911
38.30,504.4597,926.60,-8.563428,12.6, -,7.467911
38.35,503.5648,926.70,-9.419771,12.6, -,7.467911
38.40,503.5648,926.70,-8.563428,12.6, -,7.467911
38.45,503.5648,926.70,-7.707086,12.6, -,7.467911
38.50,503.5648,926.70,-7.707086,12.6, -,7.467911
38.55,502.6706,926.80,-7.707086,12.6, -,7.448463
38.60,502.6706,926.80,-7.707086,12.6, -,7.448463
38.65,501.7759,926.90,-8.563428,12.6, -,7.448463
38.70,500.8819,927.00,-9.419771,12.6, -,7.448463
38.75,500.8819,927.00,-8.563428,12.6, -,7.448463
38.80,500.8819,927.00,-7.707086,12.6, -,7.448463
38.85,499.9879,927.10,-8.563428,12.6, -,7.448463
38.90,499.9879,927.10,-8.563428,12.6, -,7.448463
38.95,499.0935,927.20,-9.419771,12.6, -,7.448463
39.00,499.0935,927.20,-8.563428,12.6, -,7.448463
39.05,498.1996,927.30,-9.419771,12.6, -,7.448463
39.10,497.3053,927.40,-9.419771,12.6, -,7.448463
39.15,497.3053,927.40,-8.563428,12.6, -,7.448463
39.20,496.4117,927.50,-8.563428,12.6, -,7.448463
39.25,497.3053,927.40,-7.707086,12.6, -,7.448463
39.30,497.3053,927.40,-6.850743,12.6, -,7.448463
39.35,496.4117,927.50,-7.707086,12.6, -,7.448463
39.40,495.5181,927.60,-7.707086,12.6, -,7.448463
39.45,495.5181,927.60,-7.707086,12.6, -,7.448463
39.50,494.6241,927.70,-8.563428,12.6, -,7.487359
39.55,493.7306,927.80,-9.419771,12.6, -,7.487359
39.60,492.8367,927.90,-9.419771,12.6, -,7.487359
39.65,492.8367,927.90,-9.419771,12.6, -,7.487359
39.70,492.8367,927.90,-8.563428,12.6, -,7.487359
39.75,491.9435,928.00,-8.563428,12.6, -,7.487359
39.80,491.9435,928.00,-8.563428,12.6, -,7.487359
39.85,491.0503,928.10,-9.419771,12.6, -,7.487359
39.90,491.0503,928.10,-8.563428,12.6, -,7.487359
39.95,490.1566,928.20,-9.419771,12.6, -,7.487359
40.00,490.1566,928.20,-8.563428,12.6, -,7.487359
40.05,489.2635,928.30,-9.419771,12.6, -,7.487359
40.10,489.2635,928.30,-8.563428,12.6, -,7.487359
40.15,488.3701,928.40,-8.563428,12.6, -,7.487359
40.20,488.3701,928.40,-8.563428,12.6, -,7.487359
40.25,488.3701,928.40,-7.707086,12.6, -,7.487359
40.30,487.4772,928.50,-9.419771,12.6, -,7.487359
40.35,486.5844,928.60,-10.27611,12.6, -,7.487359
40.40,486.5844,928.60,-9.419771,12.6, -,7.487359
40.45,485.6911,928.70,-9.419771,12.6, -,7.487359
40.50,484.7985,928.80,-10.27611,12.6, -,7.487359
40.55,484.7985,928.80,-9.419771,12.6, -,7.487359
40.60,483.9053,928.90,-9.419771,12.6, -,7.487359
40.65,483.9053,928.90,-8.563428,12.6, -,7.487359
40.70,483.9053,928.90,-8.563428,12.6, -,7.487359
40.75,483.0128,929.00,-9.419771,12.6, -,7.487359
40.80,482.1204,929.10,-9.419771,12.6, -,7.487359
40.85,481.2275,929.20,-10.27611,12.6, -,7.487359
40.90,481.2275,929.20,-9.419771,12.6, -,7.487359
40.95,482.1204,929.10,-8.563428,12.6, -,7.487359
41.00,482.1204,929.10,-7.707086,12.6, -,7.487359
41.05,481.2275,929.20,-8.563428,12.6, -,7.487359
41.10,480.3353,929.30,-8.563428,12.6, -,7.487359
41.15,479.4426,929.40,-9.419771,12.6, -,7.487359
41.20,478.5504,929.50,-9.419771,12.6, -,7.487359
41.25,477.6584,929.60,-10.27611,12.6, -,7.487359
41.30,477.6584,929.60,-10.27611,12.6, -,7.487359
41.35,476.7659,929.70,-10.27611,12.6, -,7.487359
41.40,476.7659,929.70,-9.419771,12.6, -,7.487359
41.45,476.7659,929.70,-9.419771,12.6, -,7.487359
41.50,475.8741,929.80,-9.419771,12.6, -,7.467911
41.55,475.8741,929.80,-8.563428,12.6, -,7.467911
41.60,475.8741,929.80,-8.563428,12.6, -,7.467911
41.65,475.8741,929.80,-7.707086,12.6, -,7.467911
41.70,474.9818,929.90,-8.563428,12.6, -,7.467911
41.75,474.09,930.00,-9.419771,12.6, -,7.467911
41.80,474.09,930.00,-8.563428,12.6, -,7.467911
41.85,473.1984,930.10,-8.563428,12.6, -,7.467911
41.90,473.1984,930.10,-7.707086,12.6, -,7.467911
41.95,472.3063,930.20,-8.563428,12.6, -,7.467911
42.00,471.4148,930.30,-10.2616,12.6, -,7.467911
42.05,471.4148,930.30,-10.2616,12.6, -,7.467911
42.10,470.5229,930.40,-10.2616,12.6, -,7.467911
42.15,470.5229,930.40,-9.405257,12.6, -,7.467911
42.20,470.5229,930.40,-8.548914,12.6, -,7.467911
42.25,469.6315,930.50,-8.5344,12.6, -,7.467911
42.30,469.6315,930.50,-7.678057,12.6, -,7.467911
42.35,468.7403,930.60,-8.519885,12.6, -,7.467911
42.40,468.7403,930.60,-7.663542,12.6, -,7.467911
42.45,467.8486,930.70,-8.519885,12.6, -,7.467911
42.50,467.8486,930.70,-8.519885,12.6, -,7.467911
42.55,467.8486,930.70,-7.663542,12.6, -,7.467911
42.60,466.9575,930.80,-8.505371,12.6, -,7.467911
42.65,466.0659,930.90,-9.361713,12.6, -,7.467911
42.70,466.0659,930.90,-9.361713,12.6, -,7.467911
42.75,466.0659,930.90,-8.505371,12.6, -,7.467911
42.80,465.1749,931.00,-8.490857,12.6, -,7.467911
42.85,465.1749,931.00,-8.490857,12.6, -,7.467911
42.90,464.2841,931.10,-8.476343,12.6, -,7.467911
42.95,463.3928,931.20,-9.318172,12.6, -,7.467911
43.00,463.3928,931.20,-8.461828,12.6, -,7.467911
43.05,463.3928,931.20,-7.62,12.6, -,7.467911
43.10,462.5021,931.30,-8.461828,12.6, -,7.467911
43.15,462.5021,931.30,-7.605485,12.6, -,7.467911
43.20,462.5021,931.30,-7.605485,12.6, -,7.467911
43.25,461.6109,931.40,-8.447313,12.6, -,7.467911
43.30,460.7203,931.50,-8.447313,12.6, -,7.467911
43.35,460.7203,931.50,-8.447313,12.6, -,7.467911
43.40,459.8299,931.60,-8.447313,12.6, -,7.467911
43.45,459.8299,931.60,-8.447313,12.6, -,7.467911
43.50,458.9389,931.70,-8.432799,12.6, -,7.467911
43.55,458.9389,931.70,-8.432799,12.6, -,7.467911
43.60,458.0486,931.80,-9.274629,12.6, -,7.467911
43.65,458.0486,931.80,-8.432799,12.6, -,7.467911
43.70,457.1578,931.90,-8.418285,12.6, -,7.467911
43.75,457.1578,931.90,-8.418285,12.6, -,7.467911
43.80,457.1578,931.90,-8.418285,12.6, -,7.467911
43.85,457.1578,931.90,-7.576457,12.6, -,7.467911
43.90,457.1578,931.90,-7.576457,12.6, -,7.467911
43.95,456.2676,932.00,-7.576457,12.6, -,7.467911
44.00,455.3775,932.10,-7.576457,12.6, -,7.467911
44.05,454.487,932.20,-8.418285,12.6, -,7.467911
44.10,454.487,932.20,-8.418285,12.6, -,7.467911
44.15,453.597,932.30,-8.418285,12.6, -,7.467911
44.20,452.7067,932.40,-9.260114,12.6, -,7.467911
44.25,452.7067,932.40,-9.260114,12.6, -,7.467911
44.30,452.7067,932.40,-8.418285,12.6, -,7.467911
44.35,452.7067,932.40,-7.576457,12.6, -,7.467911
44.40,451.8169,932.50,-8.418285,12.6, -,7.467911
44.45,450.9272,932.60,-8.418285,12.6, -,7.467911
44.50,450.9272,932.60,-8.418285,12.6, -,7.467911
44.55,450.037,932.70,-8.418285,12.5, -,7.467911
44.60,450.037,932.70,-8.418285,12.5, -,7.467911
44.65,450.037,932.70,-7.576457,12.5, -,7.467911
44.70,449.1475,932.80,-8.418285,12.5, -,7.467911
44.75,449.1475,932.80,-7.576457,12.5, -,7.467911
44.80,448.2575,932.90,-8.418285,12.5, -,7.467911
44.85,448.2575,932.90,-8.418285,12.5, -,7.467911
44.90,447.3681,933.00,-9.260114,12.5, -,7.467911
44.95,446.4787,933.10,-10.10194,12.5, -,7.467911
45.00,445.589,933.20,-10.10194,12.5, -,7.467911
45.05,445.589,933.20,-9.260114,12.5, -,7.467911
45.10,445.589,933.20,-8.418285,12.5, -,7.467911
45.15,445.589,933.20,-8.418285,12.5, -,7.467911
45.20,444.6998,933.30,-8.418285,12.5, -,7.467911
45.25,444.6998,933.30,-7.576457,12.5, -,7.467911
45.30,443.8102,933.40,-8.418285,12.5, -,7.467911
45.35,443.8102,933.40,-8.418285,12.5, -,7.467911
45.40,443.8102,933.40,-8.418285,12.5, -,7.467911
45.45,442.9211,933.50,-8.418285,12.5, -,7.467911
45.50,442.9211,933.50,-7.576457,12.5, -,7.467911
45.55,442.9211,933.50,-7.576457,12.5, -,7.467911
45.60,442.0323,933.60,-7.576457,12.5, -,7.467911
45.65,441.1429,933.70,-8.418285,12.5, -,7.467911
45.70,440.2541,933.80,-9.260114,12.5, -,7.467911
45.75,439.3648,933.90,-9.260114,12.5, -,7.467911
45.80,439.3648,933.90,-9.260114,12.5, -,7.467911
45.85,438.4762,934.00,-9.260114,12.5, -,7.467911
45.90,438.4762,934.00,-9.260114,12.5, -,7.467911
45.95,438.4762,934.00,-8.418285,12.5, -,7.467911
46.00,437.5876,934.10,-8.418285,12.5, -,7.467911
46.05,437.5876,934.10,-7.576457,12.5, -,7.467911
46.10,437.5876,934.10,-7.576457,12.5, -,7.467911
46.15,436.6986,934.20,-8.418285,12.5, -,7.467911
46.20,436.6986,934.20,-8.418285,12.5, -,7.467911
46.25,435.8103,934.30,-8.418285,12.5, -,7.467911
46.30,434.9214,934.40,-9.260114,12.5, -,7.467911
46.35,434.0332,934.50,-9.260114,12.5, -,7.467911
46.40,434.0332,934.50,-9.260114,12.5, -,7.467911
46.45,434.0332,934.50,-9.260114,12.5, -,7.467911
46.50,434.0332,934.50,-8.418285,12.5, -,7.467911
46.55,433.145,934.60,-9.260114,12.5, -,7.467911
46.60,433.145,934.60,-9.260114,12.5, -,7.467911
46.65,432.2564,934.70,-9.260114,12.5, -,7.467911
46.70,431.3684,934.80,-9.260114,12.5, -,7.467911
46.75,431.3684,934.80,-8.418285,12.5, -,7.467911
46.80,431.3684,934.80,-7.576457,12.5, -,7.467911
46.85,430.4799,934.90,-8.418285,12.5, -,7.467911
46.90,430.4799,934.90,-7.576457,12.5, -,7.467911
46.95,430.4799,934.90,-7.576457,12.5, -,7.467911
47.00,429.592,935.00,-8.418285,12.5, -,7.467911
47.05,428.7043,935.10,-8.418285,12.5, -,7.467911
47.10,428.7043,935.10,-8.418285,12.5, -,7.467911
47.15,427.816,935.20,-9.260114,12.5, -,7.467911
47.20,427.816,935.20,-8.418285,12.5, -,7.467911
47.25,426.9284,935.30,-9.260114,12.5, -,7.467911
47.30,426.0403,935.40,-9.260114,12.5, -,7.467911
47.35,426.0403,935.40,-8.418285,12.5, -,7.467911
47.40,426.0403,935.40,-7.576457,12.5, -,7.467911
47.45,425.1529,935.50,-8.418285,12.5, -,7.467911
47.50,425.1529,935.50,-8.418285,12.5, -,7.467911
47.55,424.2655,935.60,-9.260114,12.5, -,7.467911
47.60,424.2655,935.60,-8.418285,12.5, -,7.467911
47.65,423.3776,935.70,-9.260114,12.5, -,7.467911
47.70,423.3776,935.70,-8.418285,12.5, -,7.467911
47.75,423.3776,935.70,-7.576457,12.5, -,7.467911
47.80,422.4904,935.80,-8.418285,12.5, -,7.467911
47.85,422.4904,935.80,-8.418285,12.5, -,7.467911
47.90,421.6027,935.90,-8.418285,12.5, -,7.467911
47.95,421.6027,935.90,-8.418285,12.5, -,7.467911
48.00,420.7156,936.00,-9.260114,12.5, -,7.467911
48.05,419.8286,936.10,-9.260114,12.5, -,7.467911
48.10,419.8286,936.10,-8.418285,12.5, -,7.467911
48.15,418.9411,936.20,-9.260114,12.5, -,7.467911
48.20,418.0543,936.30,-9.260114,12.5, -,7.467911
48.25,418.0543,936.30,-9.260114,12.5, -,7.467911
48.30,418.0543,936.30,-8.418285,12.5, -,7.467911
48.35,418.0543,936.30,-7.576457,12.5, -,7.467911
48.40,417.1669,936.40,-8.418285,12.5, -,7.467911
48.45,416.2802,936.50,-9.260114,12.5, -,7.467911
48.50,416.2802,936.50,-8.418285,12.5, -,7.467911
48.55,416.2802,936.50,-8.418285,12.5, -,7.487359
48.60,415.3936,936.60,-8.418285,12.5, -,7.487359
48.65,415.3936,936.60,-8.418285,12.5, -,7.487359
48.70,414.5065,936.70,-8.418285,12.5, -,7.487359
48.75,414.5065,936.70,-8.418285,12.5, -,7.487359
48.80,413.6201,936.80,-9.260114,12.5, -,7.487359
48.85,412.7331,936.90,-9.260114,12.5, -,7.487359
48.90,411.8468,937.00,-10.10194,12.5, -,7.487359
48.95,411.8468,937.00,-9.260114,12.5, -,7.487359
49.00,411.8468,937.00,-9.260114,12.5, -,7.487359
49.05,410.9605,937.10,-9.260114,12.5, -,7.487359
49.10,410.9605,937.10,-8.418285,12.5, -,7.487359
49.15,410.9605,937.10,-8.418285,12.5, -,7.487359
49.20,410.9605,937.10,-7.576457,12.5, -,7.487359
49.25,410.0739,937.20,-7.576457,12.5, -,7.487359
49.30,409.1878,937.30,-8.418285,12.5, -,7.487359
49.35,408.3012,937.40,-9.260114,12.5, -,7.487359
49.40,408.3012,937.40,-9.260114,12.5, -,7.487359
49.45,408.3012,937.40,-8.418285,12.5, -,7.487359
49.50,407.4153,937.50,-8.418285,12.5, -,7.467911
49.55,407.4153,937.50,-8.418285,12.5, -,7.467911
49.60,407.4153,937.50,-8.418285,12.5, -,7.467911
49.65,406.5294,937.60,-8.418285,12.5, -,7.467911
49.70,405.6431,937.70,-9.260114,12.5, -,7.467911
49.75,404.7574,937.80,-9.260114,12.5, -,7.467911
49.80,404.7574,937.80,-9.260114,12.5, -,7.467911
49.85,403.8712,937.90,-9.260114,12.5, -,7.467911
49.90,403.8712,937.90,-8.418285,12.5, -,7.467911
49.95,402.9857,938.00,-8.418285,12.5, -,7.467911
50.00,402.9857,938.00,-8.418285,12.5, -,7.467911
50.05,402.1002,938.10,-9.260114,12.5, -,7.467911
50.10,402.1002,938.10,-8.418285,12.5, -,7.467911
50.15,402.1002,938.10,-8.418285,12.5, -,7.467911
50.20,402.1002,938.10,-8.418285,12.5, -,7.467911
50.25,401.2143,938.20,-9.260114,12.5, -,7.467911
50.30,401.2143,938.20,-8.418285,12.5, -,7.467911
50.35,400.3289,938.30,-8.418285,12.5, -,7.467911
50.40,399.4431,938.40,-8.418285,12.5, -,7.467911
50.45,399.4431,938.40,-8.418285,12.5, -,7.467911
50.50,398.558,938.50,-9.260114,12.5, -,7.467911
50.55,397.6729,938.60,-9.260114,12.5, -,7.467911
50.60,397.6729,938.60,-9.260114,12.5, -,7.467911
50.65,396.7873,938.70,-10.10194,12.5, -,7.467911
50.70,396.7873,938.70,-9.260114,12.5, -,7.467911
50.75,395.9024,938.80,-9.260114,12.5, -,7.467911
50.80,395.9024,938.80,-8.418285,12.5, -,7.467911
50.85,395.017,938.90,-9.260114,12.5, -,7.467911
50.90,395.017,938.90,-8.418285,12.5, -,7.467911
50.95,394.1322,939.00,-9.260114,12.5, -,7.467911
51.00,394.1322,939.00,-8.418285,12.5, -,7.467911
51.05,394.1322,939.00,-8.418285,12.5, -,7.467911
51.10,393.2475,939.10,-8.418285,12.5, -,7.467911
51.15,393.2475,939.10,-8.418285,12.5, -,7.467911
51.20,392.3623,939.20,-9.260114,12.5, -,7.467911
51.25,391.4778,939.30,-10.10194,12.5, -,7.467911
51.30,391.4778,939.30,-9.260114,12.5, -,7.467911
51.35,390.5927,939.40,-10.10194,12.5, -,7.467911
51.40,390.5927,939.40,-9.260114,12.5, -,7.467911
51.45,390.5927,939.40,-8.418285,12.5, -,7.467911
51.50,389.7083,939.50,-9.260114,12.4, -,7.467911
51.55,388.824,939.60,-9.260114,12.4, -,7.467911
51.60,388.824,939.60,-8.418285,12.4, -,7.467911
51.65,388.824,939.60,-8.418285,12.4, -,7.467911
51.70,387.9392,939.70,-8.418285,12.4, -,7.467911
51.75,387.9392,939.70,-8.418285,12.4, -,7.467911
51.80,387.055,939.80,-8.418285,12.4, -,7.467911
51.85,387.055,939.80,-8.418285,12.4, -,7.467911
51.90,387.055,939.80,-7.576457,12.4, -,7.467911
51.95,386.1703,939.90,-8.418285,12.4, -,7.467911
52.00,386.1703,939.90,-7.576457,12.4, -,7.467911
52.05,385.2863,940.00,-8.418285,12.4, -,7.467911
52.10,384.4024,940.10,-9.260114,12.4, -,7.467911
52.15,384.4024,940.10,-8.418285,12.4, -,7.467911
52.20,383.518,940.20,-9.260114,12.4, -,7.467911
52.25,382.6342,940.30,-9.260114,12.4, -,7.467911
52.30,382.6342,940.30,-8.418285,12.4, -,7.467911
52.35,381.7499,940.40,-9.260114,12.4, -,7.467911
52.40,381.7499,940.40,-8.418285,12.4, -,7.467911
52.45,381.7499,940.40,-8.418285,12.4, -,7.467911
52.50,381.7499,940.40,-8.418285,12.4, -,7.467911
52.55,380.8663,940.50,-8.418285,12.4, -,7.467911
52.60,379.9827,940.60,-8.418285,12.4, -,7.467911
52.65,379.9827,940.60,-8.418285,12.4, -,7.467911
52.70,379.0987,940.70,-9.260114,12.4, -,7.467911
52.75,379.0987,940.70,-8.418285,12.4, -,7.467911
52.80,378.2153,940.80,-9.260114,12.4, -,7.467911
52.85,378.2153,940.80,-8.418285,12.4, -,7.467911
52.90,377.3314,940.90,-9.260114,12.4, -,7.467911
52.95,376.4481,941.00,-10.10194,12.4, -,7.467911
53.00,376.4481,941.00,-9.260114,12.4, -,7.467911
53.05,375.5649,941.10,-10.10194,12.4, -,7.467911
53.10,375.5649,941.10,-9.260114,12.4, -,7.467911
53.15,374.6813,941.20,-9.260114,12.4, -,7.467911
53.20,374.6813,941.20,-9.260114,12.4, -,7.467911
53.25,374.6813,941.20,-8.418285,12.4, -,7.467911
53.30,373.7982,941.30,-8.418285,12.4, -,7.467911
53.35,373.7982,941.30,-8.418285,12.4, -,7.467911
53.40,373.7982,941.30,-7.576457,12.4, -,7.467911
53.45,372.9147,941.40,-8.418285,12.4, -,7.467911
53.50,372.0318,941.50,-9.260114,12.4, -,7.467911
53.55,371.149,941.60,-10.10194,12.4, -,7.467911
53.60,371.149,941.60,-9.260114,12.4, -,7.467911
53.65,370.2657,941.70,-9.260114,12.4, -,7.467911
53.70,370.2657,941.70,-9.260114,12.4, -,7.467911
53.75,369.3831,941.80,-9.260114,12.4, -,7.467911
53.80,369.3831,941.80,-9.260114,12.4, -,7.467911
53.85,368.5,941.90,-9.260114,12.4, -,7.467911
53.90,367.6175,942.00,-10.10194,12.4, -,7.467911
53.95,367.6175,942.00,-9.260114,12.4, -,7.467911
54.00,367.6175,942.00,-8.418285,12.4, -,7.467911
54.05,367.6175,942.00,-8.418285,12.4, -,7.467911
54.10,367.6175,942.00,-7.576457,12.4, -,7.467911
54.15,366.735,942.10,-8.418285,12.4, -,7.467911
54.20,366.735,942.10,-7.576457,12.4, -,7.467911
54.25,365.8521,942.20,-8.418285,12.4, -,7.467911
54.30,364.9698,942.30,-9.260114,12.4, -,7.467911
54.35,364.9698,942.30,-8.418285,12.4, -,7.467911
54.40,364.0871,942.40,-9.260114,12.4, -,7.467911
54.45,363.205,942.50,-10.10194,12.4, -,7.467911
54.50,363.205,942.50,-9.260114,12.4, -,7.467911
54.55,362.3229,942.60,-9.260114,12.4, -,7.467911
54.60,361.4404,942.70,-9.260114,12.4, -,7.467911
54.65,361.4404,942.70,-9.260114,12.4, -,7.467911
54.70,361.4404,942.70,-8.418285,12.4, -,7.467911
54.75,361.4404,942.70,-8.418285,12.4, -,7.467911
54.80,360.5585,942.80,-8.418285,12.4, -,7.467911
54.85,359.6762,942.90,-9.260114,12.4, -,7.467911
54.90,359.6762,942.90,-8.418285,12.4, -,7.467911
54.95,359.6762,942.90,-7.576457,12.4, -,7.467911
55.00,359.6762,942.90,-7.576457,12.4, -,7.467911
55.05,358.7944,943.00,-8.418285,12.4, -,7.467911
55.10,357.9128,943.10,-9.260114,12.4, -,7.467911
55.15,357.0306,943.20,-10.10194,12.4, -,7.467911
55.20,356.1491,943.30,-10.10194,12.4, -,7.467911
55.25,356.1491,943.30,-10.10194,12.4, -,7.467911
55.30,356.1491,943.30,-9.260114,12.4, -,7.467911
55.35,356.1491,943.30,-8.418285,12.4, -,7.467911
55.40,355.2671,943.40,-9.260114,12.4, -,7.467911
55.45,355.2671,943.40,-8.418285,12.4, -,7.467911
55.50,354.3858,943.50,-8.418285,12.4, -,7.467911
55.55,353.5044,943.60,-9.260114,12.4, -,7.467911
55.60,353.5044,943.60,-8.418285,12.4, -,7.467911
55.65,353.5044,943.60,-7.576457,12.4, -,7.467911
55.70,353.5044,943.60,-7.576457,12.4, -,7.467911
55.75,352.6227,943.70,-8.418285,12.4, -,7.467911
55.80,351.7416,943.80,-9.260114,12.4, -,7.467911
55.85,350.86,943.90,-9.260114,12.4, -,7.467911
55.90,350.86,943.90,-8.418285,12.4, -,7.467911
55.95,349.979,944.00,-9.260114,12.4, -,7.467911
56.00,349.979,944.00,-9.260114,12.4, -,7.467911
56.05,349.0981,944.10,-10.10194,12.4, -,7.467911
56.10,349.0981,944.10,-9.260114,12.4, -,7.467911
56.15,348.2166,944.20,-9.260114,12.4, -,7.467911
56.20,348.2166,944.20,-8.418285,12.4, -,7.467911
56.25,347.3359,944.30,-8.418285,12.4, -,7.467911
56.30,347.3359,944.30,-8.418285,12.4, -,7.467911
56.35,347.3359,944.30,-8.418285,12.4, -,7.467911
56.40,346.4547,944.40,-9.260114,12.4, -,7.467911
56.45,346.4547,944.40,-8.418285,12.4, -,7.467911
56.50,345.5741,944.50,-9.260114,12.4, -,7.467911
56.55,344.6935,944.60,-9.260114,12.4, -,7.467911
56.60,344.6935,944.60,-8.418285,12.4, -,7.467911
56.65,343.8125,944.70,-9.260114,12.4, -,7.467911
56.70,343.8125,944.70,-9.260114,12.4, -,7.467911
56.75,342.9321,944.80,-10.10194,12.4, -,7.467911
56.80,342.9321,944.80,-9.260114,12.4, -,7.467911
56.85,342.0513,944.90,-9.260114,12.4, -,7.467911
56.90,342.0513,944.90,-8.418285,12.4, -,7.467911
56.95,342.0513,944.90,-8.418285,12.4, -,7.467911
57.00,341.1711,945.00,-8.418285,12.4, -,7.467911
57.05,341.1711,945.00,-8.418285,12.4, -,7.467911
57.10,340.2909,945.10,-8.418285,12.4, -,7.467911
57.15,340.2909,945.10,-8.418285,12.4, -,7.467911
57.20,339.4103,945.20,-8.418285,12.4, -,7.467911
57.25,338.5302,945.30,-9.260114,12.4, -,7.467911
57.30,338.5302,945.30,-8.418285,12.4, -,7.467911
57.35,337.6498,945.40,-9.260114,12.4, -,7.467911
57.40,337.6498,945.40,-9.260114,12.4, -,7.467911
57.45,336.7699,945.50,-9.260114,12.4, -,7.467911
57.50,336.7699,945.50,-9.260114,12.4, -,7.467911
57.55,336.7699,945.50,-8.418285,12.4, -,7.467911
57.60,335.8901,945.60,-8.418285,12.4, -,7.467911
57.65,335.8901,945.60,-8.418285,12.4, -,7.467911
57.70,335.0099,945.70,-8.418285,12.4, -,7.467911
57.75,335.0099,945.70,-8.418285,12.4, -,7.467911
57.80,334.1302,945.80,-8.418285,12.4, -,7.467911
57.85,334.1302,945.80,-8.418285,12.4, -,7.467911
57.90,334.1302,945.80,-7.576457,12.4, -,7.467911
57.95,333.2502,945.90,-8.418285,12.4, -,7.467911
58.00,332.3707,946.00,-9.260114,12.4, -,7.467911
58.05,331.4913,946.10,-9.260114,12.4, -,7.467911
58.10,331.4913,946.10,-9.260114,12.4, -,7.467911
58.15,331.4913,946.10,-8.418285,12.4, -,7.467911
58.20,330.6114,946.20,-9.260114,12.4, -,7.467911
58.25,330.6114,946.20,-8.418285,12.4, -,7.467911
58.30,329.7321,946.30,-8.418285,12.4, -,7.467911
58.35,328.8524,946.40,-9.260114,12.4, -,7.467911
58.40,328.8524,946.40,-8.418285,12.4, -,7.467911
58.45,328.8524,946.40,-8.418285,12.4, -,7.467911
58.50,327.9733,946.50,-8.418285,12.4, -,7.467911
58.55,327.9733,946.50,-8.418285,12.3, -,7.467911
58.60,327.0943,946.60,-9.260114,12.3, -,7.467911
58.65,326.2148,946.70,-9.260114,12.3, -,7.467911
58.70,326.2148,946.70,-9.260114,12.3, -,7.467911
58.75,326.2148,946.70,-8.418285,12.3, -,7.467911
58.80,325.3359,946.80,-9.260114,12.3, -,7.467911
58.85,325.3359,946.80,-8.418285,12.3, -,7.467911
58.90,324.4566,946.90,-9.260114,12.3, -,7.467911
58.95,324.4566,946.90,-9.260114,12.3, -,7.467911
59.00,323.5778,947.00,-9.260114,12.3, -,7.467911
59.05,323.5778,947.00,-8.418285,12.3, -,7.467911
59.10,322.6992,947.10,-8.418285,12.3, -,7.467911
59.15,322.6992,947.10,-8.418285,12.3, -,7.467911
59.20,321.82,947.20,-9.260114,12.3, -,7.467911
59.25,320.9416,947.30,-9.260114,12.3, -,7.467911
59.30,320.9416,947.30,-9.260114,12.3, -,7.467911
59.35,320.9416,947.30,-8.418285,12.3, -,7.467911
59.40,320.9416,947.30,-7.576457,12.3, -,7.467911
59.45,320.9416,947.30,-7.576457,12.3, -,7.467911
59.50,319.1842,947.50,-9.2456,12.3, -,7.467911
59.55,319.1842,947.50,-8.403771,12.3, -,7.467911
59.60,318.306,947.60,-9.2456,12.3, -,7.467911
59.65,318.306,947.60,-8.403771,12.3, -,7.467911
59.70,318.306,947.60,-7.561943,12.3, -,7.467911
59.75,317.4272,947.70,-8.403771,12.3, -,7.467911
59.80,317.4272,947.70,-8.403771,12.3, -,7.467911
59.85,316.5491,947.80,-8.403771,12.3, -,7.467911
59.90,315.6705,947.90,-9.2456,12.3, -,7.467911
59.95,315.6705,947.90,-8.403771,12.3, -,7.467911
60.00,314.7925,948.00,-9.2456,12.3, -,7.467911
60.05,314.7925,948.00,-8.403771,12.3, -,7.467911
60.10,313.9146,948.10,-9.2456,12.3, -,7.467911
60.15,313.0363,948.20,-9.2456,12.3, -,7.467911
60.20,313.0363,948.20,-9.2456,12.3, -,7.467911
60.25,313.0363,948.20,-8.403771,12.3, -,7.467911
60.30,313.0363,948.20,-7.561943,12.3, -,7.467911
60.35,312.1585,948.30,-8.403771,12.3, -,7.467911
60.40,312.1585,948.30,-8.403771,12.3, -,7.467911
60.45,311.2803,948.40,-9.2456,12.3, -,7.467911
60.50,310.4026,948.50,-10.08743,12.3, -,7.467911
60.55,310.4026,948.50,-8.418285,12.3, -,7.487359
60.60,309.5251,948.60,-9.260114,12.3, -,7.487359
60.65,309.5251,948.60,-8.418285,12.3, -,7.487359
60.70,308.6472,948.70,-9.260114,12.3, -,7.487359
60.75,308.6472,948.70,-9.260114,12.3, -,7.487359
60.80,308.6472,948.70,-8.418285,12.3, -,7.487359
60.85,307.7698,948.80,-9.260114,12.3, -,7.487359
60.90,306.8919,948.90,-9.260114,12.3, -,7.487359
60.95,306.8919,948.90,-8.418285,12.3, -,7.487359
61.00,306.0147,949.00,-9.260114,12.3, -,7.487359
61.05,306.0147,949.00,-8.418285,12.3, -,7.487359
61.10,305.1375,949.10,-9.260114,12.3, -,7.487359
61.15,305.1375,949.10,-8.418285,12.3, -,7.487359
61.20,305.1375,949.10,-7.576457,12.3, -,7.487359
61.25,304.2599,949.20,-8.418285,12.3, -,7.487359
61.30,303.3829,949.30,-9.260114,12.3, -,7.487359
61.35,302.5054,949.40,-10.10194,12.3, -,7.487359
61.40,302.5054,949.40,-9.260114,12.3, -,7.487359
61.45,301.6286,949.50,-10.10194,12.3, -,7.487359
61.50,301.6286,949.50,-9.260114,12.3, -,7.487359
61.55,300.7518,949.60,-9.260114,12.3, -,7.487359
61.60,300.7518,949.60,-9.260114,12.3, -,7.487359
61.65,299.8746,949.70,-9.260114,12.3, -,7.487359
61.70,299.8746,949.70,-9.260114,12.3, -,7.487359
61.75,299.8746,949.70,-8.418285,12.3, -,7.487359
61.80,298.9979,949.80,-9.260114,12.3, -,7.487359
61.85,298.1208,949.90,-10.10194,12.3, -,7.487359
61.90,298.1208,949.90,-9.260114,12.3, -,7.487359
61.95,297.2444,950.00,-9.260114,12.3, -,7.487359
62.00,297.2444,950.00,-9.260114,12.3, -,7.487359
62.05,296.3679,950.10,-9.260114,12.3, -,7.487359
62.10,296.3679,950.10,-9.260114,12.3, -,7.487359
62.15,295.4911,950.20,-9.260114,12.3, -,7.487359
62.20,295.4911,950.20,-9.260114,12.3, -,7.487359
62.25,295.4911,950.20,-9.260114,12.3, -,7.487359
62.30,294.6148,950.30,-9.2456,12.3, -,7.487359
62.35,293.7381,950.40,-9.2456,12.3, -,7.487359
62.40,292.862,950.50,-9.231086,12.3, -,7.487359
62.45,292.862,950.50,-9.231086,12.3, -,7.487359
62.50,292.862,950.50,-8.389256,12.3, -,7.487359
62.55,292.862,950.50,-8.389256,12.3, -,7.467911
62.60,292.862,950.50,-7.547429,12.3, -,7.467911
62.65,291.9859,950.60,-8.374743,12.3, -,7.467911
62.70,291.1094,950.70,-8.374743,12.3, -,7.467911
62.75,290.2336,950.80,-9.202057,12.3, -,7.467911
62.80,289.3572,950.90,-10.04389,12.3, -,7.467911
62.85,289.3572,950.90,-9.202057,12.3, -,7.467911
62.90,289.3572,950.90,-8.360229,12.3, -,7.467911
62.95,289.3572,950.90,-8.360229,12.3, -,7.467911
63.00,288.4815,951.00,-8.345715,12.3, -,7.467911
63.05,287.6058,951.10,-9.173028,12.3, -,7.467911
63.10,286.7297,951.20,-9.158514,12.3, -,7.467911
63.15,285.8542,951.30,-9.985828,12.3, -,7.467911
63.20,285.8542,951.30,-9.144,12.3, -,7.467911
63.25,285.8542,951.30,-9.144,12.3, -,7.467911
63.30,284.9782,951.40,-9.971314,12.3, -,7.467911
63.35,284.9782,951.40,-9.144,12.3, -,7.467911
63.40,284.1028,951.50,-9.129485,12.3, -,7.467911
63.45,284.1028,951.50,-8.302171,12.3, -,7.467911
63.50,284.1028,951.50,-8.302171,12.3, -,7.467911
63.55,283.2276,951.60,-9.129485,12.3, -,7.467911
63.60,282.3518,951.70,-9.9568,12.3, -,7.467911
63.65,282.3518,951.70,-9.9568,12.3, -,7.467911
63.70,282.3518,951.70,-9.129485,12.3, -,7.467911
63.75,281.4767,951.80,-9.114971,12.3, -,7.467911
63.80,280.601,951.90,-9.114971,12.3, -,7.467911
63.85,279.7261,952.00,-9.100457,12.3, -,7.467911
63.90,279.7261,952.00,-9.100457,12.3, -,7.467911
63.95,278.8512,952.10,-9.927772,12.3, -,7.467911
64.00,278.8512,952.10,-9.927772,12.3, -,7.467911
64.05,278.8512,952.10,-9.100457,12.3, -,7.467911
64.10,277.9758,952.20,-9.100457,12.3, -,7.467911
64.15,277.101,952.30,-9.100457,12.3, -,7.467911
64.20,277.101,952.30,-8.273143,12.3, -,7.467911
64.25,276.2258,952.40,-9.100457,12.3, -,7.467911
64.30,276.2258,952.40,-9.100457,12.3, -,7.467911
64.35,276.2258,952.40,-8.273143,12.3, -,7.467911
64.40,275.3512,952.50,-9.100457,12.3, -,7.467911
64.45,274.4766,952.60,-9.100457,12.3, -,7.467911
64.50,274.4766,952.60,-9.100457,12.3, -,7.467911
64.55,273.6016,952.70,-9.927772,12.3, -,7.448463
64.60,273.6016,952.70,-9.100457,12.3, -,7.448463
64.65,273.6016,952.70,-8.273143,12.3, -,7.448463
64.70,272.7272,952.80,-9.100457,12.3, -,7.448463
64.75,272.7272,952.80,-9.100457,12.3, -,7.448463
64.80,271.8524,952.90,-9.100457,12.3, -,7.448463
64.85,270.9781,953.00,-9.100457,12.3, -,7.448463
64.90,270.9781,953.00,-8.273143,12.3, -,7.448463
64.95,270.1039,953.10,-9.100457,12.3, -,7.448463
65.00,270.1039,953.10,-8.273143,12.3, -,7.448463
65.05,269.2293,953.20,-9.100457,12.3, -,7.448463
65.10,269.2293,953.20,-9.100457,12.3, -,7.448463
65.15,268.3553,953.30,-9.100457,12.3, -,7.448463
65.20,268.3553,953.30,-8.273143,12.3, -,7.448463
65.25,267.4808,953.40,-9.100457,12.3, -,7.448463
65.30,267.4808,953.40,-8.273143,12.3, -,7.448463
65.35,266.6069,953.50,-9.100457,12.3, -,7.448463
65.40,266.6069,953.50,-9.100457,12.3, -,7.448463
65.45,265.7331,953.60,-9.100457,12.3, -,7.448463
65.50,264.8588,953.70,-9.100457,12.3, -,7.487359
65.55,264.8588,953.70,-9.100457,12.3, -,7.487359
65.60,264.8588,953.70,-8.273143,12.3, -,7.487359
65.65,263.9852,953.80,-9.100457,12.3, -,7.487359
65.70,263.9852,953.80,-9.100457,12.3, -,7.487359
65.75,263.1111,953.90,-9.100457,12.3, -,7.487359
65.80,262.2376,954.00,-9.927772,12.3, -,7.487359
65.85,262.2376,954.00,-9.100457,12.3, -,7.487359
65.90,262.2376,954.00,-8.273143,12.3, -,7.487359
65.95,261.3641,954.10,-9.100457,12.3, -,7.487359
66.00,261.3641,954.10,-8.273143,12.3, -,7.487359
66.05,260.4903,954.20,-9.100457,12.3, -,7.487359
66.10,260.4903,954.20,-8.273143,12.3, -,7.487359
66.15,260.4903,954.20,-8.273143,12.3, -,7.487359
66.20,259.617,954.30,-8.273143,12.3, -,7.487359
66.25,259.617,954.30,-8.273143,12.3, -,7.487359
66.30,258.7432,954.40,-8.273143,12.3, -,7.487359
66.35,258.7432,954.40,-8.273143,12.3, -,7.487359
66.40,257.8701,954.50,-8.273143,12.3, -,7.487359
66.45,257.8701,954.50,-8.273143,12.3, -,7.487359
66.50,256.997,954.60,-8.273143,12.3, -,7.487359
66.55,256.997,954.60,-7.445828,12.3, -,7.467911
66.60,256.1235,954.70,-8.273143,12.3, -,7.467911
66.65,256.1235,954.70,-8.273143,12.3, -,7.467911
66.70,255.2506,954.80,-8.273143,12.3, -,7.467911
66.75,254.3772,954.90,-9.100457,12.3, -,7.467911
66.80,253.5044,955.00,-9.100457,12.3, -,7.467911
66.85,253.5044,955.00,-8.273143,12.3, -,7.467911
66.90,253.5044,955.00,-8.273143,12.3, -,7.467911
66.95,252.6318,955.10,-9.100457,12.3, -,7.467911
67.00,251.7586,955.20,-9.100457,12.3, -,7.467911
67.05,251.7586,955.20,-9.100457,12.3, -,7.467911
67.10,251.7586,955.20,-8.273143,12.3, -,7.467911
67.15,251.7586,955.20,-8.273143,12.3, -,7.467911
67.20,250.8861,955.30,-9.100457,12.3, -,7.467911
67.25,250.0131,955.40,-9.100457,12.3, -,7.467911
67.30,250.0131,955.40,-9.100457,12.3, -,7.467911
67.35,249.1407,955.50,-9.100457,12.3, -,7.467911
67.40,249.1407,955.50,-9.100457,12.3, -,7.467911
67.45,248.2684,955.60,-9.100457,12.3, -,7.467911
67.50,248.2684,955.60,-9.100457,12.2, -,7.467911
67.55,247.3956,955.70,-9.100457,12.2, -,7.467911
67.60,247.3956,955.70,-9.100457,12.2, -,7.467911
67.65,247.3956,955.70,-8.273143,12.2, -,7.467911
67.70,246.5234,955.80,-9.100457,12.2, -,7.467911
67.75,246.5234,955.80,-8.273143,12.2, -,7.467911
67.80,245.6508,955.90,-8.273143,12.2, -,7.467911
67.85,244.7787,956.00,-8.273143,12.2, -,7.467911
67.90,244.7787,956.00,-8.273143,12.2, -,7.467911
67.95,243.9068,956.10,-9.100457,12.2, -,7.467911
68.00,243.9068,956.10,-8.273143,12.2, -,7.467911
68.05,243.0344,956.20,-8.273143,12.2, -,7.467911
68.10,243.0344,956.20,-8.273143,12.2, -,7.467911
68.15,242.1626,956.30,-9.100457,12.2, -,7.467911
68.20,241.2903,956.40,-9.927772,12.2, -,7.467911
68.25,241.2903,956.40,-9.100457,12.2, -,7.467911
68.30,241.2903,956.40,-8.273143,12.2, -,7.467911
68.35,241.2903,956.40,-8.273143,12.2, -,7.467911
68.40,240.4186,956.50,-8.273143,12.2, -,7.467911
68.45,239.5471,956.60,-9.100457,12.2, -,7.467911
68.50,238.675,956.70,-9.100457,12.2, -,7.467911
68.55,238.675,956.70,-9.100457,12.2, -,7.487359
68.60,238.675,956.70,-8.273143,12.2, -,7.487359
68.65,237.8036,956.80,-9.100457,12.2, -,7.487359
68.70,237.8036,956.80,-9.100457,12.2, -,7.487359
68.75,236.9317,956.90,-9.100457,12.2, -,7.487359
68.80,236.0604,957.00,-9.927772,12.2, -,7.487359
68.85,236.0604,957.00,-9.100457,12.2, -,7.487359
68.90,235.1892,957.10,-9.100457,12.2, -,7.487359
68.95,235.1892,957.10,-9.100457,12.2, -,7.487359
69.00,235.1892,957.10,-8.273143,12.2, -,7.487359
69.05,235.1892,957.10,-8.273143,12.2, -,7.487359
69.10,234.3175,957.20,-8.273143,12.2, -,7.487359
69.15,233.4465,957.30,-9.100457,12.2, -,7.487359
69.20,233.4465,957.30,-8.273143,12.2, -,7.487359
69.25,232.5749,957.40,-8.273143,12.2, -,7.487359
69.30,231.704,957.50,-9.100457,12.2, -,7.487359
69.35,232.5749,957.40,-8.273143,12.2, -,7.487359
69.40,232.5749,957.40,-8.273143,12.2, -,7.487359
69.45,231.704,957.50,-8.273143,12.2, -,7.487359
69.50,229.9618,957.70,-9.100457,12.2, -,7.467911
69.55,229.9618,957.70,-8.273143,12.2, -,7.467911
69.60,229.0912,957.80,-9.100457,12.2, -,7.467911
69.65,229.0912,957.80,-9.100457,12.2, -,7.467911
69.70,228.22,957.90,-9.100457,12.2, -,7.467911
69.75,228.22,957.90,-9.100457,12.2, -,7.467911
69.80,227.3494,958.00,-9.100457,12.2, -,7.467911
69.85,226.479,958.10,-9.100457,12.2, -,7.467911
69.90,227.3494,958.00,-8.273143,12.2, -,7.467911
69.95,227.3494,958.00,-7.445828,12.2, -,7.467911
70.00,226.479,958.10,-8.273143,12.2, -,7.467911
70.05,225.608,958.20,-9.100457,12.2, -,7.467911
70.10,224.7377,958.30,-9.927772,12.2, -,7.467911
70.15,223.8669,958.40,-9.927772,12.2, -,7.467911
70.20,223.8669,958.40,-9.100457,12.2, -,7.467911
70.25,223.8669,958.40,-9.100457,12.2, -,7.467911
70.30,223.8669,958.40,-8.273143,12.2, -,7.467911
70.35,223.8669,958.40,-7.445828,12.2, -,7.467911
70.40,222.9967,958.50,-9.100457,12.2, -,7.467911
70.45,222.1266,958.60,-9.927772,12.2, -,7.467911
70.50,221.2561,958.70,-9.927772,12.2, -,7.467911
70.55,220.3861,958.80,-9.100457,12.2, -,7.467911
70.60,220.3861,958.80,-9.100457,12.2, -,7.467911
70.65,220.3861,958.80,-8.273143,12.2, -,7.467911
70.70,219.5157,958.90,-9.100457,12.2, -,7.467911
70.75,219.5157,958.90,-8.273143,12.2, -,7.467911
70.80,218.6458,959.00,-9.100457,12.2, -,7.467911
70.85,217.7761,959.10,-9.100457,12.2, -,7.467911
70.90,217.7761,959.10,-8.273143,12.2, -,7.467911
70.95,217.7761,959.10,-9.100457,12.2, -,7.467911
71.00,217.7761,959.10,-9.100457,12.2, -,7.467911
71.05,216.9059,959.20,-9.100457,12.2, -,7.467911
71.10,216.0363,959.30,-9.100457,12.2, -,7.467911
71.15,216.0363,959.30,-8.273143,12.2, -,7.467911
71.20,215.1662,959.40,-8.273143,12.2, -,7.467911
71.25,215.1662,959.40,-8.273143,12.2, -,7.467911
71.30,215.1662,959.40,-8.273143,12.2, -,7.467911
71.35,214.2968,959.50,-9.100457,12.2, -,7.467911
71.40,213.4274,959.60,-9.927772,12.2, -,7.467911
71.45,212.5576,959.70,-9.927772,12.2, -,7.467911
71.50,212.5576,959.70,-9.100457,12.2, -,7.467911
71.55,211.6884,959.80,-9.100457,12.2, -,7.467911
71.60,211.6884,959.80,-8.273143,12.2, -,7.467911
71.65,211.6884,959.80,-8.273143,12.2, -,7.467911
71.70,210.8187,959.90,-9.100457,12.2, -,7.467911
71.75,210.8187,959.90,-8.273143,12.2, -,7.467911
71.80,209.9496,960.00,-9.100457,12.2, -,7.467911
71.85,209.9496,960.00,-8.273143,12.2, -,7.467911
71.90,209.0806,960.10,-8.273143,12.2, -,7.467911
71.95,209.0806,960.10,-8.273143,12.2, -,7.467911
72.00,208.2111,960.20,-9.100457,12.2, -,7.467911
72.05,208.2111,960.20,-9.100457,12.2, -,7.467911
72.10,207.3423,960.30,-9.100457,12.2, -,7.467911
72.15,207.3423,960.30,-8.273143,12.2, -,7.467911
72.20,206.4729,960.40,-9.100457,12.2, -,7.467911
72.25,205.6042,960.50,-9.100457,12.2, -,7.467911
72.30,204.7356,960.60,-9.927772,12.2, -,7.467911
72.35,204.7356,960.60,-9.927772,12.2, -,7.467911
72.40,203.8665,960.70,-9.927772,12.2, -,7.467911
72.45,203.8665,960.70,-9.100457,12.2, -,7.467911
72.50,203.8665,960.70,-8.273143,12.2, -,7.467911
72.55,202.998,960.80,-9.100457,12.2, -,7.467911
72.60,202.998,960.80,-8.273143,12.2, -,7.467911
72.65,202.129,960.90,-9.100457,12.2, -,7.467911
72.70,201.2607,961.00,-9.927772,12.2, -,7.467911
72.75,201.2607,961.00,-9.100457,12.2, -,7.467911
72.80,200.3924,961.10,-9.927772,12.2, -,7.467911
72.85,200.3924,961.10,-9.100457,12.2, -,7.467911
72.90,199.5237,961.20,-9.927772,12.2, -,7.467911
72.95,199.5237,961.20,-9.100457,12.2, -,7.467911
73.00,199.5237,961.20,-9.100457,12.2, -,7.467911
73.05,198.6555,961.30,-9.100457,12.2, -,7.467911
73.10,198.6555,961.30,-9.100457,12.2, -,7.467911
73.15,197.787,961.40,-9.100457,12.2, -,7.467911
73.20,197.787,961.40,-9.100457,12.2, -,7.467911
73.25,196.919,961.50,-9.100457,12.2, -,7.467911
73.30,196.051,961.60,-9.100457,12.2, -,7.467911
73.35,196.051,961.60,-8.273143,12.2, -,7.467911
73.40,196.051,961.60,-8.273143,12.2, -,7.467911
73.45,196.051,961.60,-7.445828,12.2, -,7.467911
73.50,195.1827,961.70,-8.273143,12.2, -,7.467911
73.55,194.3149,961.80,-9.100457,12.2, -,7.467911
73.60,193.4467,961.90,-9.100457,12.2, -,7.467911
73.65,193.4467,961.90,-9.100457,12.2, -,7.467911
73.70,192.5791,962.00,-9.100457,12.2, -,7.467911
73.75,192.5791,962.00,-8.273143,12.2, -,7.467911
73.80,191.7115,962.10,-9.100457,12.2, -,7.467911
73.85,191.7115,962.10,-8.273143,12.2, -,7.467911
73.90,190.8435,962.20,-9.100457,12.2, -,7.467911
73.95,190.8435,962.20,-8.273143,12.2, -,7.467911
74.00,190.8435,962.20,-8.273143,12.2, -,7.467911
74.05,189.9761,962.30,-9.100457,12.2, -,7.467911
74.10,189.1083,962.40,-9.100457,12.2, -,7.467911
74.15,189.1083,962.40,-9.100457,12.2, -,7.467911
74.20,188.241,962.50,-9.100457,12.2, -,7.467911
74.25,188.241,962.50,-9.100457,12.2, -,7.467911
74.30,187.3738,962.60,-9.100457,12.2, -,7.467911
74.35,187.3738,962.60,-8.273143,12.2, -,7.467911
74.40,187.3738,962.60,-8.273143,12.2, -,7.467911
74.45,186.5062,962.70,-9.100457,12.2, -,7.467911
74.50,185.6392,962.80,-9.927772,12.2, -,7.467911
74.55,185.6392,962.80,-9.100457,12.2, -,7.467911
74.60,184.7717,962.90,-9.100457,12.2, -,7.467911
74.65,184.7717,962.90,-8.273143,12.2, -,7.467911
74.70,183.9048,963.00,-9.100457,12.2, -,7.467911
74.75,183.038,963.10,-9.100457,12.2, -,7.467911
74.80,183.038,963.10,-9.100457,12.2, -,7.467911
74.85,183.038,963.10,-8.273143,12.2, -,7.467911
74.90,182.1707,963.20,-9.100457,12.2, -,7.467911
74.95,182.1707,963.20,-8.273143,12.2, -,7.467911
75.00,181.304,963.30,-9.100457,12.2, -,7.467911
75.05,181.304,963.30,-9.100457,12.2, -,7.467911
75.10,181.304,963.30,-8.273143,12.2, -,7.467911
75.15,180.4369,963.40,-8.273143,12.2, -,7.467911
75.20,179.5704,963.50,-9.100457,12.2, -,7.467911
75.25,179.5704,963.50,-8.273143,12.2, -,7.467911
75.30,178.7039,963.60,-9.100457,12.2, -,7.467911
75.35,177.837,963.70,-9.100457,12.2, -,7.467911
75.40,177.837,963.70,-9.100457,12.2, -,7.467911
75.45,177.837,963.70,-9.100457,12.2, -,7.467911
75.50,176.9707,963.80,-9.100457,12.2, -,7.467911
75.55,176.1039,963.90,-9.100457,12.2, -,7.467911
75.60,175.2378,964.00,-9.927772,12.2, -,7.467911
75.65,175.2378,964.00,-9.100457,12.2, -,7.467911
75.70,174.3717,964.10,-9.927772,12.2, -,7.467911
75.75,174.3717,964.10,-9.100457,12.2, -,7.467911
75.80,174.3717,964.10,-8.273143,12.2, -,7.467911
75.85,174.3717,964.10,-8.273143,12.2, -,7.467911
75.90,173.5051,964.20,-9.100457,12.2, -,7.467911
75.95,172.6392,964.30,-9.100457,12.2, -,7.467911
76.00,172.6392,964.30,-9.100457,12.2, -,7.467911
76.05,171.7728,964.40,-9.100457,12.2, -,7.467911
76.10,171.7728,964.40,-9.100457,12.2, -,7.467911
76.15,170.907,964.50,-9.927772,12.2, -,7.467911
76.20,170.907,964.50,-9.100457,12.2, -,7.467911
76.25,170.0413,964.60,-9.100457,12.2, -,7.467911
76.30,170.0413,964.60,-9.100457,12.2, -,7.467911
76.35,170.0413,964.60,-8.273143,12.2, -,7.467911
76.40,169.1751,964.70,-8.273143,12.2, -,7.467911
76.45,168.3095,964.80,-9.100457,12.2, -,7.467911
76.50,167.4435,964.90,-9.927772,12.2, -,7.467911
76.55,166.578,965.00,-9.927772,12.1, -,7.467911
76.60,166.578,965.00,-9.100457,12.1, -,7.467911
76.65,165.7127,965.10,-9.100457,12.1, -,7.467911
76.70,166.578,965.00,-8.273143,12.1, -,7.467911
76.75,165.7127,965.10,-8.273143,12.1, -,7.467911
76.80,164.8469,965.20,-9.100457,12.1, -,7.467911
76.85,164.8469,965.20,-9.100457,12.1, -,7.467911
76.90,163.9816,965.30,-9.927772,12.1, -,7.467911
76.95,163.9816,965.30,-9.100457,12.1, -,7.467911
77.00,163.116,965.40,-9.100457,12.1, -,7.467911
77.05,163.116,965.40,-9.100457,12.1, -,7.467911
77.10,162.2509,965.50,-9.100457,12.1, -,7.467911
77.15,161.3859,965.60,-9.927772,12.1, -,7.467911
77.20,161.3859,965.60,-9.100457,12.1, -,7.467911
77.25,161.3859,965.60,-9.100457,12.1, -,7.467911
77.30,161.3859,965.60,-8.273143,12.1, -,7.467911
77.35,160.5204,965.70,-9.100457,12.1, -,7.467911
77.40,158.7903,965.90,-10.75508,12.1, -,7.467911
77.45,158.7903,965.90,-9.927772,12.1, -,7.467911
77.50,157.9256,966.00,-9.927772,12.1, -,7.467911
77.55,157.9256,966.00,-9.100457,12.1, -,7.467911
77.60,157.9256,966.00,-8.273143,12.1, -,7.467911
77.65,157.9256,966.00,-8.273143,12.1, -,7.467911
77.70,157.0609,966.10,-8.273143,12.1, -,7.467911
77.75,157.0609,966.10,-9.100457,12.1, -,7.467911
77.80,156.1958,966.20,-9.100457,12.1, -,7.467911
77.85,155.3313,966.30,-9.100457,12.1, -,7.467911
77.90,154.4664,966.40,-9.927772,12.1, -,7.467911
77.95,154.4664,966.40,-9.100457,12.1, -,7.467911
78.00,153.6021,966.50,-9.927772,12.1, -,7.467911
78.05,153.6021,966.50,-9.100457,12.1, -,7.467911
78.10,152.7378,966.60,-9.927772,12.1, -,7.467911
78.15,152.7378,966.60,-9.100457,12.1, Main,7.467911
78.20,151.873,966.70,-9.100457,12.1, -,7.467911
78.25,151.873,966.70,-9.100457,12.1, -,7.467911
78.30,151.0089,966.80,-9.927772,12.1, -,7.467911
78.35,150.1443,966.90,-10.75508,12.1, -,7.467911
78.40,150.1443,966.90,-9.927772,12.1, -,7.467911
78.45,150.1443,966.90,-8.273143,12.1, -,7.467911
78.50,150.1443,966.90,-8.273143,12.1, -,7.467911
78.55,149.2803,967.00,-8.273143,12.1, -,7.448463
78.60,148.4164,967.10,-9.100457,12.1, -,7.448463
78.65,147.5521,967.20,-9.927772,12.1, -,7.448463
78.70,147.5521,967.20,-9.927772,12.1, -,7.448463
78.75,146.6883,967.30,-9.927772,12.1, -,7.448463
78.80,146.6883,967.30,-9.927772,12.1, -,7.448463
78.85,145.8241,967.40,-9.927772,12.1, -,7.448463
78.90,144.9605,967.50,-9.927772,12.1, -,7.448463
78.95,144.9605,967.50,-9.100457,12.1, -,7.448463
79.00,144.9605,967.50,-9.100457,12.1, -,7.448463
79.05,144.0969,967.60,-9.100457,12.1, -,7.448463
79.10,144.0969,967.60,-9.100457,12.1, -,7.448463
79.15,144.0969,967.60,-8.273143,12.1, -,7.448463
79.20,143.2329,967.70,-9.100457,12.1, -,7.448463
79.25,143.2329,967.70,-8.273143,12.1, -,7.448463
79.30,142.3695,967.80,-9.100457,12.1, -,7.448463
79.35,141.5056,967.90,-9.100457,12.1, -,7.448463
79.40,140.6424,968.00,-9.100457,12.1, -,7.448463
79.45,139.7792,968.10,-9.927772,12.1, -,7.448463
79.50,139.7792,968.10,-9.927772,12.1, -,7.467911
79.55,139.7792,968.10,-9.927772,12.1, -,7.467911
79.60,138.9155,968.20,-9.927772,12.1, -,7.467911
79.65,138.0525,968.30,-9.927772,12.1, -,7.467911
79.70,138.0525,968.30,-9.100457,12.1, -,7.467911
79.75,138.0525,968.30,-9.100457,12.1, -,7.467911
79.80,137.189,968.40,-9.100457,12.1, -,7.467911
79.85,137.189,968.40,-9.100457,12.1, -,7.467911
79.90,136.3261,968.50,-9.100457,12.1, -,7.467911
79.95,135.4633,968.60,-9.100457,12.1, -,7.467911
80.00,135.4633,968.60,-9.100457,12.1, -,7.467911
80.05,134.6,968.70,-9.927772,12.1, -,7.467911
80.10,134.6,968.70,-9.100457,12.1, -,7.467911
80.15,134.6,968.70,-9.100457,12.1, -,7.467911
80.20,133.7373,968.80,-9.927772,12.1, -,7.467911
80.25,132.8742,968.90,-9.927772,12.1, -,7.467911
80.30,132.0116,969.00,-10.75508,12.1, -,7.467911
80.35,132.0116,969.00,-9.927772,12.1, -,7.467911
80.40,131.1491,969.10,-9.927772,12.1, -,7.467911
80.45,131.1491,969.10,-9.100457,12.1, -,7.467911
80.50,130.2862,969.20,-9.100457,12.1, -,7.467911
80.55,129.4239,969.30,-9.927772,12.1, -,7.467911
80.60,129.4239,969.30,-9.927772,12.1, -,7.467911
80.65,129.4239,969.30,-9.100457,12.1, -,7.467911
80.70,129.4239,969.30,-8.273143,12.1, -,7.467911
80.75,128.5611,969.40,-9.100457,12.1, -,7.467911
80.80,127.6989,969.50,-9.927772,12.1, -,7.467911
80.85,126.8368,969.60,-9.927772,12.1, -,7.467911
80.90,126.8368,969.60,-9.927772,12.1, -,7.467911
80.95,125.9743,969.70,-9.927772,12.1, -,7.467911
81.00,125.9743,969.70,-9.100457,12.1, -,7.467911
81.05,125.9743,969.70,-9.100457,12.1, -,7.467911
81.10,125.9743,969.70,-8.273143,12.1, -,7.467911
81.15,125.1123,969.80,-9.100457,12.1, -,7.467911
81.20,124.2499,969.90,-9.927772,12.1, -,7.467911
81.25,123.3881,970.00,-9.927772,12.1, -,7.467911
81.30,122.5263,970.10,-9.927772,12.1, -,7.467911
81.35,122.5263,970.10,-9.100457,12.1, -,7.467911
81.40,122.5263,970.10,-9.100457,12.1, -,7.467911
81.45,121.6641,970.20,-9.100457,12.1, -,7.467911
81.50,120.8025,970.30,-9.927772,12.1, -,7.467911
81.55,120.8025,970.30,-9.100457,12.1, -,7.467911
81.60,119.9404,970.40,-9.100457,12.1, -,7.467911
81.65,119.9404,970.40,-9.100457,12.1, -,7.467911
81.70,119.9404,970.40,-9.100457,12.1, -,7.467911
81.75,119.9404,970.40,-9.100457,12.1, -,7.467911
81.80,119.079,970.50,-9.100457,12.1, -,7.467911
81.85,118.2176,970.60,-9.100457,12.1, -,7.467911
81.90,117.3558,970.70,-9.100457,12.1, -,7.467911
81.95,116.4945,970.80,-9.927772,12.1, -,7.467911
82.00,116.4945,970.80,-9.100457,12.1, -,7.467911
82.05,116.4945,970.80,-9.100457,12.1, -,7.467911
82.10,116.4945,970.80,-9.100457,12.1, -,7.467911
82.15,115.6328,970.90,-9.927772,12.1, -,7.467911
82.20,114.7717,971.00,-9.927772,12.1, -,7.467911
82.25,113.9107,971.10,-9.913258,12.1, -,7.467911
82.30,113.9107,971.10,-9.085943,12.1, -,7.467911
82.35,113.0492,971.20,-9.085943,12.1, -,7.467911
82.40,112.1883,971.30,-9.898742,12.1, -,7.467911
82.45,112.1883,971.30,-9.898742,12.1, -,7.467911
82.50,112.1883,971.30,-9.071428,12.1, -,7.467911
82.55,112.1883,971.30,-8.244114,12.1, -,7.467911
82.60,112.1883,971.30,-8.244114,12.1, -,7.467911
82.65,111.327,971.40,-8.244114,12.1, -,7.467911
82.70,110.4662,971.50,-9.056913,12.1, -,7.467911
82.75,109.6055,971.60,-9.869714,12.1, -,7.467911
82.80,109.6055,971.60,-9.869714,12.1, -,7.467911
82.85,107.8839,971.80,-10.68251,12.1, -,7.467911
82.90,107.8839,971.80,-9.855199,12.1, -,7.467911
82.95,108.7444,971.70,-8.215086,12.1, -,7.467911
83.00,107.8839,971.80,-8.200571,12.1, -,7.467911
83.05,107.8839,971.80,-8.200571,12.1, -,7.467911
83.10,107.0229,971.90,-9.013371,12.1, -,7.467911
83.15,106.1625,972.00,-9.826171,12.1, -,7.467911
83.20,105.3022,972.10,-9.811657,12.1, -,7.467911
83.25,104.4415,972.20,-9.797142,12.1, -,7.467911
83.30,104.4415,972.20,-8.984343,12.1, -,7.467911
83.35,103.5813,972.30,-9.797142,12.1, -,7.467911
83.40,103.5813,972.30,-8.969829,12.1, -,7.467911
83.45,102.7207,972.40,-8.969829,12.1, -,7.467911
83.50,101.8606,972.50,-9.782628,12.1, -,7.467911
83.55,101.8606,972.50,-9.782628,12.1, -,7.467911
83.60,101.8606,972.50,-9.782628,12.1, -,7.467911
83.65,101.0007,972.60,-10.59543,12.1, -,7.467911
83.70,100.1403,972.70,-10.58091,12.1, -,7.467911
83.75,99.28046,972.80,-10.58091,12.1, -,7.467911
83.80,99.28046,972.80,-9.768114,12.1, -,7.467911
83.85,99.28046,972.80,-9.768114,12.1, -,7.467911
83.90,98.4202,972.90,-8.9408,12.1, -,7.467911
83.95,98.4202,972.90,-8.9408,12.1, -,7.467911
84.00,97.56052,973.00,-10.5664,12.1, -,7.467911
84.05,96.70094,973.10,-10.5664,12.1, -,7.467911
84.10,96.70094,973.10,-10.5664,12.1, -,7.467911
84.15,95.84088,973.20,-10.5664,12.1, -,7.467911
84.20,94.98143,973.30,-10.5664,12.1, -,7.467911
84.25,94.98143,973.30,-9.7536,12.1, -,7.467911
84.30,94.12151,973.40,-9.7536,12.1, -,7.467911
84.35,94.12151,973.40,-9.7536,12.1, -,7.467911
84.40,93.26221,973.50,-9.7536,12.1, -,7.467911
84.45,93.26221,973.50,-9.7536,12.1, -,7.467911
84.50,92.40297,973.60,-9.7536,12.1, -,7.467911
84.55,92.40297,973.60,-8.9408,12.1, -,7.487359
84.60,91.54328,973.70,-9.7536,12.1, -,7.487359
84.65,91.54328,973.70,-9.7536,12.1, -,7.487359
84.70,90.68418,973.80,-9.7536,12.1, -,7.487359
84.75,90.68418,973.80,-8.9408,12.1, -,7.487359
84.80,89.82464,973.90,-8.9408,12.1, -,7.487359
84.85,88.96568,974.00,-9.7536,12.1, -,7.487359
84.90,88.96568,974.00,-9.7536,12.1, -,7.487359
84.95,88.1068,974.10,-9.7536,12.1, -,7.487359
85.00,87.24746,974.20,-10.5664,12.1, -,7.487359
85.05,86.38873,974.30,-10.5664,12.1, -,7.487359
85.10,85.52953,974.40,-10.5664,12.1, -,7.487359
85.15,85.52953,974.40,-10.5664,12.1, -,7.487359
85.20,85.52953,974.40,-9.7536,12.1, -,7.487359
85.25,84.67093,974.50,-9.7536,12.1, -,7.487359
85.30,84.67093,974.50,-9.7536,12.1, -,7.487359
85.35,84.67093,974.50,-8.9408,12.1, -,7.487359
85.40,83.81241,974.60,-9.7536,12.1, -,7.487359
85.45,83.81241,974.60,-8.9408,12.1, -,7.487359
85.50,82.95344,974.70,-9.7536,12, -,7.467911
85.55,82.95344,974.70,-8.9408,12, -,7.467911
85.60,81.23621,974.90,-10.58091,12, -,7.467911
85.65,80.37798,975.00,-10.58091,12, -,7.467911
85.70,79.51981,975.10,-11.39371,12, -,7.467911
85.75,79.51981,975.10,-10.58091,12, -,7.467911
85.80,78.66119,975.20,-11.39371,12, -,7.467911
85.85,78.66119,975.20,-10.58091,12, -,7.467911
85.90,78.66119,975.20,-9.768114,12, -,7.467911
85.95,77.80316,975.30,-10.58091,12, -,7.467911
86.00,76.94468,975.40,-10.58091,12, -,7.467911
86.05,76.08679,975.50,-10.58091,12, -,7.467911
86.10,76.08679,975.50,-9.768114,12, -,7.467911
86.15,76.08679,975.50,-8.955314,12, -,7.467911
86.20,76.08679,975.50,-8.955314,12, -,7.467911
86.25,74.37072,975.70,-10.59543,12, -,7.467911
86.30,73.51305,975.80,-10.59543,12, -,7.467911
86.35,73.51305,975.80,-10.59543,12, -,7.467911
86.40,73.51305,975.80,-10.59543,12, -,7.467911
86.45,73.51305,975.80,-9.782628,12, -,7.467911
86.50,72.65492,975.90,-10.59543,12, -,7.467911
86.55,71.79739,976.00,-10.59543,12, -,7.467911
86.60,70.93994,976.10,-11.40823,12, -,7.467911
86.65,70.08203,976.20,-10.58091,12, -,7.467911
86.70,70.08203,976.20,-9.768114,12, -,7.467911
86.75,70.08203,976.20,-8.955314,12, -,7.467911
86.80,70.08203,976.20,-8.955314,12, -,7.467911
86.85,69.22472,976.30,-8.955314,12, -,7.467911
86.90,68.36695,976.40,-9.768114,12, -,7.467911
86.95,67.50978,976.50,-10.58091,12, -,7.467911
87.00,67.50978,976.50,-9.768114,12, -,7.467911
87.05,67.50978,976.50,-8.955314,12, -,7.467911
87.10,67.50978,976.50,-8.142514,12, -,7.467911
87.15,66.65268,976.60,-8.955314,12, -,7.467911
87.20,65.79512,976.70,-9.768114,12, -,7.467911
87.25,64.93816,976.80,-10.58091,12, -,7.467911
87.30,64.93816,976.80,-8.9408,12, -,7.467911
87.35,64.08075,976.90,-8.9408,12, -,7.467911
87.40,64.08075,976.90,-8.9408,12, -,7.467911
87.45,64.08075,976.90,-8.9408,12, -,7.467911
87.50,63.22393,977.00,-9.7536,12, -,7.467911
87.55,62.36719,977.10,-9.7536,12, -,7.467911
87.60,61.50999,977.20,-9.7536,12, -,7.467911
87.65,61.50999,977.20,-8.9408,12, -,7.467911
87.70,62.36719,977.10,-7.3152,12, -,7.467911
87.75,62.36719,977.10,-7.3152,12, -,7.467911
87.80,61.50999,977.20,-8.127999,12, -,7.467911
87.85,60.65339,977.30,-8.9408,12, -,7.467911
87.90,59.79633,977.40,-8.9408,12, -,7.467911
87.95,58.93987,977.50,-8.9408,12, -,7.467911
88.00,58.93987,977.50,-8.127999,12, -,7.467911
88.05,58.08348,977.60,-8.9408,12, -,7.467911
88.10,58.08348,977.60,-8.9408,12, -,7.467911
88.15,58.08348,977.60,-8.9408,12, -,7.467911
88.20,57.22663,977.70,-8.9408,12, -,7.467911
88.25,56.37038,977.80,-8.9408,12, -,7.467911
88.30,56.37038,977.80,-8.127999,12, -,7.467911
88.35,55.51368,977.90,-8.9408,12, -,7.467911
88.40,55.51368,977.90,-8.127999,12, -,7.467911
88.45,54.65758,978.00,-8.9408,12, -,7.467911
88.50,53.80154,978.10,-9.7536,12, -,7.467911
88.55,53.80154,978.10,-8.9408,12, -,7.467911
88.60,53.80154,978.10,-8.127999,12, -,7.467911
88.65,53.80154,978.10,-7.3152,12, -,7.467911
88.70,53.80154,978.10,-7.3152,12, -,7.467911
88.75,52.94505,978.20,-8.9408,12, -,7.467911
88.80,51.23281,978.40,-10.5664,12, -,7.467911
88.85,51.23281,978.40,-9.7536,12, -,7.467911
88.90,51.23281,978.40,-8.9408,12, -,7.467911
88.95,50.37706,978.50,-8.9408,12, -,7.467911
89.00,50.37706,978.50,-8.127999,12, -,7.467911
89.05,50.37706,978.50,-8.127999,12, -,7.467911
89.10,49.52138,978.60,-8.127999,12, -,7.467911
89.15,48.66524,978.70,-8.9408,12, -,7.467911
89.20,47.8097,978.80,-9.7536,12, -,7.467911
89.25,47.8097,978.80,-8.9408,12, -,7.467911
89.30,46.9537,978.90,-8.9408,12, -,7.467911
89.35,46.0983,979.00,-9.7536,12, -,7.467911
89.40,46.0983,979.00,-8.9408,12, -,7.467911
89.45,46.0983,979.00,-8.9408,12, -,7.467911
89.50,46.0983,979.00,-8.127999,12, -,7.467911
89.55,46.0983,979.00,-7.3152,12, -,7.467911
89.60,45.24298,979.10,-8.127999,12, -,7.467911
89.65,44.3872,979.20,-8.9408,12, -,7.467911
89.70,43.53201,979.30,-9.7536,12, -,7.467911
89.75,43.53201,979.30,-9.7536,12, -,7.467911
89.80,42.67637,979.40,-9.7536,12, -,7.467911
89.85,42.67637,979.40,-8.127999,12, -,7.467911
89.90,42.67637,979.40,-8.127999,12, -,7.467911
89.95,41.82132,979.50,-8.9408,12, -,7.467911
90.00,41.82132,979.50,-8.127999,12, -,7.467911
90.05,40.96635,979.60,-8.9408,12, -,7.467911
90.10,40.11093,979.70,-9.7536,12, -,7.467911
90.15,40.11093,979.70,-8.9408,12, -,7.467911
90.20,40.11093,979.70,-8.127999,12, -,7.467911
90.25,39.25609,979.80,-8.127999,12, -,7.467911
90.30,39.25609,979.80,-8.127999,12, -,7.467911
90.35,38.40081,979.90,-8.127999,12, -,7.467911
90.40,38.40081,979.90,-7.3152,12, -,7.467911
90.45,37.54612,980.00,-8.127999,12, -,7.467911
90.50,37.54612,980.00,-8.127999,12, -,7.467911
90.55,36.69149,980.10,-8.9408,12, -,7.467911
90.60,36.69149,980.10,-8.9408,12, -,7.467911
90.65,35.83642,980.20,-8.9408,12, -,7.467911
90.70,34.98194,980.30,-8.9408,12, -,7.467911
90.75,35.83642,980.20,-7.3152,12, -,7.467911
90.80,35.83642,980.20,-7.3152,12, -,7.467911
90.85,34.98194,980.30,-7.3152,12, -,7.467911
90.90,34.12701,980.40,-8.127999,12, -,7.467911
90.95,33.27267,980.50,-8.9408,12, -,7.467911
91.00,32.4184,980.60,-8.9408,12, -,7.467911
91.05,32.4184,980.60,-8.9408,12, -,7.467911
91.10,32.4184,980.60,-8.127999,12, -,7.467911
91.15,32.4184,980.60,-7.3152,12, -,7.467911
91.20,31.56368,980.70,-8.127999,12, -,7.467911
91.25,31.56368,980.70,-8.127999,12, -,7.467911
91.30,30.70955,980.80,-8.127999,12, -,7.467911
91.35,29.85497,980.90,-8.9408,12, -,7.467911
91.40,29.00098,981.00,-8.9408,12, -,7.467911
91.45,29.00098,981.00,-8.9408,12, -,7.467911
91.50,29.00098,981.00,-8.127999,12, -,7.467911
91.55,28.14707,981.10,-8.9408,12, -,7.467911
91.60,28.14707,981.10,-8.127999,12, -,7.467911
91.65,28.14707,981.10,-8.127999,12, -,7.467911
91.70,27.2927,981.20,-8.127999,12, -,7.467911
91.75,27.2927,981.20,-7.3152,12, -,7.467911
91.80,26.43892,981.30,-8.9408,12, -,7.467911
91.85,26.43892,981.30,-8.9408,12, -,7.467911
91.90,26.43892,981.30,-8.127999,12, -,7.467911
91.95,25.5847,981.40,-8.127999,12, -,7.467911
92.00,24.73106,981.50,-8.127999,12, -,7.467911
92.05,25.5847,981.40,-6.5024,12, -,7.467911
92.10,24.73106,981.50,-7.3152,12, -,7.467911
92.15,23.8775,981.60,-8.127999,12, -,7.467911
92.20,23.02349,981.70,-8.9408,12, -,7.467911
92.25,23.02349,981.70,-8.127999,12, -,7.467911
92.30,22.17006,981.80,-8.9408,12, -,7.467911
92.35,22.17006,981.80,-8.127999,12, -,7.467911
92.40,22.17006,981.80,-7.3152,12, -,7.467911
92.45,20.4629,982.00,-8.127999,12, -,7.467911
92.50,20.4629,982.00,-8.127999,12, -,7.467911
92.55,20.4629,982.00,-8.127999,12, -,7.487359
92.60,20.4629,982.00,-7.3152,12, -,7.487359
92.65,20.4629,982.00,-7.3152,12, -,7.487359
92.70,19.60969,982.10,-8.127999,12, -,7.487359
92.75,18.75603,982.20,-8.127999,12, -,7.487359
92.80,18.75603,982.20,-8.127999,12, -,7.487359
92.85,17.90296,982.30,-8.127999,12, -,7.487359
92.90,17.90296,982.30,-8.127999,12, -,7.487359
92.95,17.04943,982.40,-8.9408,12, -,7.487359
93.00,17.04943,982.40,-8.127999,12, -,7.487359
93.05,16.1965,982.50,-8.127999,12, -,7.487359
93.10,16.1965,982.50,-8.9408,12, -,7.487359
93.15,16.1965,982.50,-8.127999,12, -,7.487359
93.20,15.34364,982.60,-8.127999,12, -,7.487359
93.25,14.49033,982.70,-8.127999,12, -,7.487359
93.30,13.63761,982.80,-8.9408,12, -,7.487359
93.35,13.63761,982.80,-8.127999,12, -,7.487359
93.40,12.78444,982.90,-8.9408,12, -,7.487359
93.45,11.93186,983.00,-9.7536,12, -,7.487359
93.50,12.78444,982.90,-7.3152,12, -,7.467911
93.55,12.78444,982.90,-7.3152,12, -,7.467911
93.60,12.78444,982.90,-7.3152,12, -,7.467911
93.65,11.93186,983.00,-8.127999,12, -,7.467911
93.70,10.22639,983.20,-9.7536,12, -,7.467911
93.75,10.22639,983.20,-8.9408,12, -,7.467911
93.80,9.374023,983.30,-8.9408,12, -,7.467911
93.85,9.374023,983.30,-8.9408,12, -,7.467911
93.90,8.521205,983.40,-8.9408,12, -,7.467911
93.95,8.521205,983.40,-8.9408,12, -,7.467911
94.00,8.521205,983.40,-8.127999,12, -,7.467911
94.05,7.668976,983.50,-8.9408,12, -,7.467911
94.10,6.816817,983.60,-8.9408,12, -,7.467911
94.15,5.964209,983.70,-9.7536,12, -,7.467911
94.20,5.964209,983.70,-9.7536,12, -,7.467911
94.25,5.964209,983.70,-8.9408,12, -,7.467911
94.30,5.11219,983.80,-8.9408,12, -,7.467911
94.35,5.11219,983.80,-8.127999,12, -,7.467911
94.40,5.11219,983.80,-8.127999,12, -,7.467911
94.45,5.11219,983.80,-7.3152,12, -,7.467911
94.50,4.259722,983.90,-7.3152,12, -,7.467911
94.55,3.407844,984.00,-8.9408,12, -,7.487359
94.60,2.556036,984.10,-9.7536,12, -,7.487359
94.65,2.556036,984.10,-9.7536,12, -,7.487359
94.70,2.556036,984.10,-8.9408,12, -,7.487359
94.75,1.703778,984.20,-8.127999,12, -,7.487359
94.80,1.703778,984.20,-8.127999,12, -,7.487359
94.85,1.703778,984.20,-7.3152,12, -,7.487359
94.90,0.8521101,984.30,-8.127999,12, -,7.487359
94.95,0.8521101,984.30,-7.3152,12, -,7.487359
95.00,-7.491383E-06,984.40,-8.127999,12, -,7.487359
95.05,-0.8515352,984.50,-8.9408,12, -,7.487359
95.10,-7.491383E-06,984.40,-7.3152,12, -,7.487359
95.15,-7.491383E-06,984.40,-6.5024,12, -,7.487359
95.20,-0.8515352,984.50,-6.5024,12, -,7.487359
95.25,-0.8515352,984.50,-6.5024,12, -,7.487359
95.30,-2.5549,984.70,-8.127999,12, -,7.487359
95.35,-2.5549,984.70,-7.3152,12, -,7.487359
95.40,-2.5549,984.70,-7.3152,12, -,7.487359
95.45,-3.406218,984.80,-8.127999,12, -,7.487359
95.50,-2.5549,984.70,-7.3152,12, -,7.487359
95.55,-3.406218,984.80,-7.3152,12, -,7.487359
95.60,-3.406218,984.80,-6.5024,12, -,7.487359
95.65,-2.5549,984.70,-4.8768,12, -,7.487359
95.70,-2.5549,984.70,-4.8768,12, -,7.487359
95.75,-3.406218,984.80,-5.6896,12, -,7.487359
95.80,-3.406218,984.80,-4.8768,12, -,7.487359
95.85,-3.406218,984.80,-4.8768,12, -,7.487359
95.90,-2.5549,984.70,-4.064,12, -,7.487359
95.95,-3.406218,984.80,-4.064,12, -,7.487359
96.00,-3.406218,984.80,-4.064,12, -,7.487359
96.05,-2.5549,984.70,-2.4384,12, -,7.487359
96.10,-3.406218,984.80,-2.4384,12, -,7.487359
96.15,-3.406218,984.80,-3.2512,12, -,7.487359
96.20,-2.5549,984.70,-2.4384,12, -,7.487359
96.25,-3.406218,984.80,-2.4384,12, -,7.487359
96.30,-3.406218,984.80,-2.4384,12, -,7.487359
96.35,-2.5549,984.70,0,12, -,7.487359
96.40,-3.406218,984.80,-0.8128,12, -,7.487359
96.45,-3.406218,984.80,-0.8128,12, -,7.487359
96.50,-2.5549,984.70,0.8128,12, -,7.487359
96.55,-2.5549,984.70,0,12, -,7.487359
96.60,-3.406218,984.80,0,12, -,7.487359
96.65,-3.406218,984.80,0,12, -,7.487359
96.70,-2.5549,984.70,0,12, -,7.487359
96.75,-3.406218,984.80,-0.8128,12, -,7.487359
96.80,-3.406218,984.80,0,12, -,7.487359
96.85,-3.406218,984.80,0,12, -,7.487359
96.90,-3.406218,984.80,0,12, -,7.487359
96.95,-3.406218,984.80,-0.8128,12, -,7.487359
97.00,-2.5549,984.70,0.8128,12, -,7.487359
97.05,-2.5549,984.70,0.8128,12, -,7.487359
97.10,-2.5549,984.70,0,12, -,7.487359
97.15,-3.406218,984.80,0,12, -,7.487359
97.20,-3.406218,984.80,0,12, -,7.487359
97.25,-3.406218,984.80,-0.8128,12, -,7.487359
97.30,-3.406218,984.80,0,12, -,7.487359
97.35,-3.406218,984.80,0,12, -,7.487359
97.40,-3.406218,984.80,-0.8128,12, -,7.487359
97.45,-3.406218,984.80,0,12, -,7.487359
97.50,-3.406218,984.80,0, -
97.55,-3.406218,984.80,-0.8128, -
97.60,-2.5549,984.70,0, -
97.65,-2.5549,984.70,0.8128, -
97.70,-3.406218,984.80,0, -
97.75,-3.406218,984.80,-0.8128, -
97.80,-3.406218,984.80,0, -
97.85,-3.406218,984.80,0, -
97.90,-3.406218,984.80,0, -
97.95,-2.5549,984.70,0.8128, -
98.00,-2.5549,984.70,0.8128, -
98.05,-2.5549,984.70,0, -
98.10,-3.406218,984.80,-0.8128, -
98.15,-2.5549,984.70,0, -
98.20,-2.5549,984.70,0.8128, -
98.25,-3.406218,984.80,0, -
98.30,-3.406218,984.80,0, -
